通知人,标题,日期,链接
教学通知,关于做好2025年9月退役复学学生转专业的通知,"
2025-09-10
         ",info/1012/14194.htm
质量办,关于举办福州大学第七十四场“教学有道”研讨活动暨2025年教师教学创新大赛培训会的通知,2025-10-13,info/1040/14251.htm
教学运行,关于组织2025级新生开展学籍信息自查工作的通知,"
2025-10-11
         ",info/1036/14245.htm
质量办,关于举办福州大学第七十三场“教学有道”研讨活动的通知,"
2025-09-28
         ",info/1040/14235.htm
教学运行,关于2025-2026-01学期体育理论教室安排（2025级）的通知,"
2025-09-26
         ",info/1036/14232.htm
教学运行,关于2025年国庆节、中秋节放假课程调整的通知,"
2025-09-24
         ",info/1036/14229.htm
综合科,关于召开2025-2026学年秋季学期期初本科教育教学工作会议的通知,"
2025-09-23
         ",info/1035/14228.htm
实践科,关于举办2025年福州大学大学生工程实践与创新能力大赛的通知,"
2025-09-23
         ",content.jsp?urltype=news.NewsContentUrl&wbtreeid=1039&wbnewsid=14227
教学运行,关于做好2025-2026学年第二学期排课准备工作的通知,"
2025-09-22
         ",info/1036/14225.htm
教学运行,关于2025-2026学年第一学期重新学习选课、缴费的通知,"
2025-09-22
         ",info/1036/14224.htm
计划科,关于2025-2026学年第一学期参加《大学生国家安全教育》课程学习的通知,"
2025-09-22
         ",info/1038/14223.htm
计划科,关于通识教育选修课《国际化拔尖创新人才科研训练2025秋》宣讲会及选课的通知,"
2025-09-19
         ",info/1038/14220.htm
计划科,关于2025-2026学年第一学期爱课程平台参加通识教育选修课学习的重要提示,"
2025-09-18
         ",info/1038/14219.htm
实践科,关于开展大学生劳动教育优秀案例征集活动的通知,"
2025-09-16
         ",content.jsp?urltype=news.NewsContentUrl&wbtreeid=1039&wbnewsid=14216
计划科,关于公布2025-2026学年第一学期通选课取消开课名单的通知,"
2025-09-15
         ",info/1038/14213.htm
教研教改,关于2025级“数智实验班”入选学生名单的公示,"
2025-09-12
         ",info/1037/14206.htm
教研教改,关于2025级“数理综合班”入选学生名单的公示,"
2025-09-12
         ",info/1037/14205.htm
教研教改,关于2025级“嘉锡化学拔尖班”入选学生名单的公示,"
2025-09-12
         ",info/1037/14204.htm
教研教改,关于2025级“数理金融实验班”入选学生名单的公示,"
2025-09-12
         ",info/1037/14203.htm
质量办,关于开展福州大学2025年教师教学创新大赛的通知,"
2025-09-12
         ",info/1040/14202.htm
教研教改,关于公布参加2025级“数智实验班”选拔面试学生名单的通知,"
2025-09-10
         ",../info/1037/14201.htm
教研教改,关于公布参加2025级“数理综合班”选拔面试学生名单的通知,"
2025-09-10
         ",../info/1037/14198.htm
教研教改,关于公布参加2025级“数理金融实验班”选拔面试学生名单的通知,"
2025-09-10
         ",../info/1037/14197.htm
教研教改,关于公布参加2025级“嘉锡化学拔尖班”选拔面试学生名单的通知,"
2025-09-10
         ",../info/1037/14196.htm
教学运行,关于做好2025年9月退役复学学生转专业的通知,"
2025-09-10
         ",../info/1036/14199.htm
教学运行,关于2025-2026第一学期学期选课、辅修选课补退选和缴费的通知,"
2025-09-07
         ",../info/1036/14191.htm
综合科,关于2025-2026学年第一学期本科生学生证补办和火车票优惠区间更改的通知,"
2025-09-07
         ",../info/1035/14190.htm
综合科,关于2025级本科生（含访学学生）学生证信息采集的通知,"
2025-09-07
         ",../info/1035/14186.htm
质量办,关于开展2025年秋季学期申请类督导听课工作的通知,"
2025-09-06
         ",../info/1040/14187.htm
质量办,关于开展2025年工程教育专业认证申请工作的通知,"
2025-09-06
         ",../info/1040/14188.htm
质量办,关于开学第一周集中听课的通知,"
2025-09-06
         ",../info/1040/14189.htm
计划科,关于2025-2026学年第一学期港澳台侨学生思政课和军事课程退选替代的通知,"
2025-09-06
         ",../info/1038/14185.htm
计划科,关于2025-2026学年第一学期通识教育选修课选课的通知,"
2025-09-06
         ",../info/1038/14184.htm
教材中心,关于2025-2026学年第一学期教材发放的通知,"
2025-09-05
         ",../content.jsp?urltype=news.NewsContentUrl&wbtreeid=1042&wbnewsid=14182
教研教改,福州大学关于开展2025级“数理综合班”招生工作的通知,"
2025-09-05
         ",../info/1037/14181.htm
教研教改,福州大学关于开展2025级“数智实验班” 招生工作的通知,"
2025-09-05
         ",../info/1037/14179.htm
教研教改,福州大学关于开展2025级“嘉锡化学拔尖班”招生工作的通知,"
2025-09-04
         ",../info/1037/14177.htm
教研教改,福州大学关于开展2025级“数理金融实验班”招生工作的通知,"
2025-09-02
         ",../info/1037/14176.htm
电教中心,关于开展二期智慧教室、智慧实验室使用培训工作的通知,"
2025-08-29
         ",../info/1041/14172.htm
综合科,关于填报2024年度非学历教育发展数据的通知,"
2025-08-20
         ",../info/1035/14171.htm
实践科,福州大学关于公布本科生开放探索性实验项目（课程）立项名单的通知,"
2025-07-08
         ",../content.jsp?urltype=news.NewsContentUrl&wbtreeid=1039&wbnewsid=14152
综合科,教务处关于2025年暑假工作安排的通知,"
2025-07-05
         ",../content.jsp?urltype=news.NewsContentUrl&wbtreeid=1035&wbnewsid=14151
实践科,关于公布2023年、2024年本科生科研训练计划项目结题成绩的通知,"
2025-07-04
         ",../content.jsp?urltype=news.NewsContentUrl&wbtreeid=1039&wbnewsid=14149
实践科,关于公布2025年第二十五届数学竞赛获奖名单的通知,"
2025-07-02
         ",../content.jsp?urltype=news.NewsContentUrl&wbtreeid=1039&wbnewsid=14147
实践科,关于公布第十六届企业经营模拟沙盘对抗赛获奖名单的通知,"
2025-06-30
         ",../content.jsp?urltype=news.NewsContentUrl&wbtreeid=1039&wbnewsid=14143
实践科,关于公布2025年大学生电子设计竞赛暨全国大学生电子设计竞赛选拔赛获奖名单的通知,"
2025-06-30
         ",../content.jsp?urltype=news.NewsContentUrl&wbtreeid=1039&wbnewsid=14142
教学运行,关于2025-2026学年第一学期辅修专业选课的通知,"
2025-06-30
         ",../info/1036/14141.htm
实践科,关于公布第十四届大学生软件设计与服务外包创新创业竞赛获奖名单的通知,"
2025-06-27
         ",../content.jsp?urltype=news.NewsContentUrl&wbtreeid=1039&wbnewsid=14139
实践科,福州大学关于公布2025届本科生优秀毕业设计（论文）名单的通知,"
2025-06-24
         ",../content.jsp?urltype=news.NewsContentUrl&wbtreeid=1039&wbnewsid=14134
实践科,福州大学关于公布大学生劳动教育实践基地立项名单的通知,"
2025-06-24
         ",../content.jsp?urltype=news.NewsContentUrl&wbtreeid=1039&wbnewsid=14135
实践科,福州大学关于公布示范性校外实践教学基地立项名单的通知,"
2025-06-24
         ",../content.jsp?urltype=news.NewsContentUrl&wbtreeid=1039&wbnewsid=14133
质量办,关于举办福州大学第七十二场“教学有道”暨数智课程建设与应用实操工作坊的通知,"
2025-06-24
         ",../info/1040/14131.htm
实践科,关于2025高教社杯全国大学生数学建模竞赛报名的通知,"
2025-06-23
         ",../content.jsp?urltype=news.NewsContentUrl&wbtreeid=1039&wbnewsid=14128
综合科,关于更改2024-2025学年春季学期期末本科教育教学工作会议地点的通知,"
2025-06-23
         ",../info/1035/14127.htm
教学运行,关于做好期末复习考试及下学期开学等工作的通知,"
2025-06-21
         ",../info/1036/14126.htm
教学运行,福州大学关于印发2025—2026学年校历的通知,"
2025-06-20
         ",../info/1036/14125.htm
综合科,关于转发教育部高等教育司关于开展人工智能综合能力提升培训工作的通知,"
2025-06-19
         ",../info/1035/14124.htm
计划科,关于核对2025-2026学年第一学期通识教育选修课开课信息的有关通知,"
2025-06-19
         ",../info/1038/14123.htm
教学运行,关于2024-2025学年第二学期《高等数学A（中）》、《高等数学B（下）》和《高等数学C（下）》课程期末考试安排的通知,"
2025-06-18
         ",../info/1036/14121.htm
综合科,关于召开2024-2025学年春季学期期末本科教育教学工作会议的通知,"
2025-06-18
         ",../info/1035/14120.htm
教学运行,关于2024-2025学年第二学期《大学物理A（上）》、《大学物理B（上）》、《大学物理C》课程期末考试安排的通知,"
2025-06-17
         ",../info/1036/14117.htm
教学运行,关于2024-2025学年第二学期《大学英语（三）》课程期末考试安排的通知,"
2025-06-17
         ",../info/1036/14116.htm
教学运行,关于2024-2025学年第二学期《英语专题》课程期末考试安排的通知,"
2025-06-17
         ",../info/1036/14115.htm
教学运行,关于2025-2026学年第一学期本科生学期选课的通知,"
2025-06-16
         ",../info/1036/14114.htm
教学运行,关于2024-2025学年第二学期《大学英语（二）》、《大学英语（四）》课程期末考试安排的通知,"
2025-06-10
         ",../info/1036/14107.htm
教材中心,关于组织申报2025年度教育部大中小课程教材研究项目的通知,"
2025-06-06
         ",../info/1042/14105.htm
质量办,关于上报学院院级本科教育教学相关规章制度的通知,"
2025-06-03
         ",../info/1040/14098.htm
教学通知,关于上报学院院级本科教育教学相关规章制度的通知,"
2025-06-03
         ",../info/1012/14097.htm
教学运行,关于2024-2025学年第二学期《马克思主义基本原理》、《毛泽东思想和中国特色社会主义理论体系概论》和《思想道德与法治》课程期末考试安排的通知,"
2025-06-03
         ",../info/1036/14095.htm
实践科,关于公布第十一届桥梁设计大赛获奖名单的通知,"
2025-05-30
         ",../content.jsp?urltype=news.NewsContentUrl&wbtreeid=1039&wbnewsid=14092
实践科,关于公布第九届网络信息安全竞赛获奖名单的通知,"
2025-05-30
         ",../content.jsp?urltype=news.NewsContentUrl&wbtreeid=1039&wbnewsid=14091
质量办,关于举办福州大学第七十一场“教学有道”研讨活动的通知,"
2025-05-29
         ",../info/1040/14090.htm
教学运行,福州大学关于印发本科生转专业管理实施办法的通知,"
2025-05-28
         ",../content.jsp?urltype=news.NewsContentUrl&wbtreeid=1036&wbnewsid=14089
实践科,关于开展大学生校外实践教学基地抽检工作的通知,"
2025-05-28
         ",../content.jsp?urltype=news.NewsContentUrl&wbtreeid=1039&wbnewsid=14086
教学运行,关于2025年端午节放假课程调整的通知,"
2025-05-27
         ",../info/1036/14084.htm
教学运行,关于2024-2025学年第二学期《概率论与数理统计》课程期末考试安排的通知,"
2025-05-27
         ",../info/1036/14081.htm
质量办,关于举办福州大学第七十场“教学有道”暨第三期智慧教学课程平台与AI智慧教学工具培训的通知,"
2025-05-26
         ",../info/1040/14076.htm
实践科,福州大学关于修订印发《本科生毕业设计（论文）规范使用AI工具的规定》的通知,"
2025-05-22
         ",../content.jsp?urltype=news.NewsContentUrl&wbtreeid=1039&wbnewsid=14075
教学运行,关于2024-2025学年第二学期《工程制图C（下）》、《工程制图D》、《工程制图F》课程期末考试安排的通知,"
2025-05-22
         ",../info/1036/14072.htm
实践科,关于评选福州大学2025届本科生优秀毕业设计（论文）的通知,"
2025-05-21
         ",../content.jsp?urltype=news.NewsContentUrl&wbtreeid=1039&wbnewsid=14070
综合科,关于2024-2025学年第二学期再次开放本科生学生证补办和火车票优惠区间更改的通知,"
2025-05-20
         ",../info/1035/14068.htm
教材中心,关于做好2025-2026学年第一学期教材选用与征订工作的通知,"
2025-05-16
         ",../content.jsp?urltype=news.NewsContentUrl&wbtreeid=1042&wbnewsid=14061
教学运行,关于2024-2025学年第二学期《中国近现代史纲要》课程期末考试安排的通知,"
2025-05-15
         ",../info/1036/14060.htm
实践科,关于组织申报2025年本科生开放探索性实验项目（课程）的通知,"
2025-05-15
         ",../content.jsp?urltype=news.NewsContentUrl&wbtreeid=1039&wbnewsid=14059
实践科,关于开展2023年本科生开放探索性实验项目（课程）结题验收工作的通知,"
2025-05-15
         ",../content.jsp?urltype=news.NewsContentUrl&wbtreeid=1039&wbnewsid=14058
教学运行,关于2024-2025学年第二学期2023级、2024级体育理论教室安排的通知,"
2025-05-14
         ",../info/1036/14055.htm
质量办,关于举办福州大学第六十九期“教学有道”研讨活动的通知,"
2025-05-14
         ",../info/1040/14054.htm
教学运行,关于2024-2025学年第二学期《习近平新时代中国特色社会主义思想概论》课程期末考试安排的通知,"
2025-05-12
         ",../info/1036/14053.htm
教学运行,关于2024-2025学年第二学期计算机语言类课程期末考试安排的通知,"
2025-05-12
         ",../info/1036/14052.htm
教学运行,关于2024-2025学年第二学期《线性代数》、《线性代数与解析几何》课程期末考试安排的通知,"
2025-05-12
         ",../info/1036/14051.htm
实践科,关于做好2023年、2024年本科生科研训练计划项目结题工作的通知,"
2025-05-12
         ",../content.jsp?urltype=news.NewsContentUrl&wbtreeid=1039&wbnewsid=14050
计划科,关于组织申报2025-2026学年第一学期通识教育选修课的通知,"
2025-05-12
         ",../info/1038/14048.htm
实践科,关于公布第十五届大学生节能减排社会实践与科技竞赛暨第十一届材料创新、设计及应用竞赛获奖名单的通知,"
2025-05-09
         ",../content.jsp?urltype=news.NewsContentUrl&wbtreeid=1039&wbnewsid=14045
质量办,关于开展2025年度教师本科教学综合测评工作的通知,"
2025-05-09
         ",../info/1040/14044.htm
教学通知,关于开展2025年度教师本科教学综合测评工作的通知,"
2025-05-09
         ",../info/1012/14043.htm
教研教改,福州大学关于公布2023级数理综合班 专业分流学生名单及学科导师名单的通知,"
2025-05-09
         ",../info/1037/14042.htm
计划科,2024-2025学年第二学期在校学生申请辅修专业的通知,"
2025-05-06
         ",../info/1038/14038.htm
质量办,关于举办福州大学第六十八场“教学有道”暨第二期智慧教学课程平台与AI智慧教学工具培训的通知,"
2025-05-06
         ",../info/1040/14037.htm
实践科,关于举办2025年福州大学第二十五届数学竞赛暨第十七届全国大学生数学竞赛福建赛区选拔赛的通知,"
2025-04-30
         ",../content.jsp?urltype=news.NewsContentUrl&wbtreeid=1039&wbnewsid=14034
实践科,关于公布2025年（总第三十一期）本科生科研训练计划立项项目的通知,"
2025-04-30
         ",../content.jsp?urltype=news.NewsContentUrl&wbtreeid=1039&wbnewsid=14033
质量办,关于期中党政领导集中听课的通知,"
2025-04-27
         ",../info/1040/14032.htm
实践科,福州大学关于公布第二十二届程序设计竞赛获奖名单的通知,"
2025-04-24
         ",../content.jsp?urltype=news.NewsContentUrl&wbtreeid=1039&wbnewsid=14020
实践科,关于开展2025届本科毕业设计（论文）抽检送审工作的通知,"
2025-04-24
         ",../content.jsp?urltype=news.NewsContentUrl&wbtreeid=1039&wbnewsid=14018
质量办,关于福州大学第六十八场“教学有道”研讨活动延期举行的通知,"
2025-04-24
         ",../info/1040/14017.htm
教学运行,关于2025年劳动节放假课程调整的通知,"
2025-04-24
         ",../info/1036/14016.htm
教学运行,关于2024-2025学年第二学期《工程制图E》课程期末考试安排的通知,"
2025-04-23
         ",../info/1036/14012.htm
质量办,关于举办福州大学第六十八场“教学有道”研讨活动的通知,"
2025-04-23
         ",../info/1040/14011.htm
实践科,关于举办福州大学第九届网络信息安全竞赛的通知,"
2025-04-22
         ",../content.jsp?urltype=news.NewsContentUrl&wbtreeid=1039&wbnewsid=14010
实践科,关于组织申报2025年大学生劳动教育实践基地的通知,"
2025-04-22
         ",../content.jsp?urltype=news.NewsContentUrl&wbtreeid=1039&wbnewsid=14008
教学运行,关于2024-2025学年第二学期《高等数学A（中）》、《高等数学B（下）》、《高等数学C（下）》课程半期考试安排的通知,"
2025-04-22
         ",../info/1036/14007.htm
质量办,关于开展2025届本科毕业生在校学习体验调研的通知,"
2025-04-22
         ",../info/1040/14006.htm
教学通知,关于开展2025届本科毕业生在校学习体验调研的通知,"
2025-04-22
         ",../info/1012/14005.htm
教学运行,关于2026届预计毕业生核对电子注册学历信息的通知,"
2025-04-17
         ",../info/1036/14002.htm
实践科,关于举办2025年福州大学大学生电子设计竞赛暨全国大学生电子设计竞赛选拔赛的通知,"
2025-04-16
         ",../content.jsp?urltype=news.NewsContentUrl&wbtreeid=1039&wbnewsid=13999
质量办,关于举办福州大学第六十七场“教学有道”研讨活动——暨2025年全国周培源大学生力学竞赛进校园活动的通知,"
2025-04-16
         ",../info/1040/13997.htm
实践科,关于举办福州大学第十五届大学生节能减排社会实践与科技竞赛暨第十一届材料创新、设计及应用竞赛的通知,"
2025-04-15
         ",../content.jsp?urltype=news.NewsContentUrl&wbtreeid=1039&wbnewsid=13995
实践科,关于举办福州大学第十九届数学建模竞赛暨2025年“高教社杯”全国大学生数学建模竞赛选拔赛的通知,"
2025-04-14
         ",../info/1039/13993.htm
教材中心,2025年福建省高校教材联合巡展 （福州大学）活动通知,"
2025-04-11
         ",../content.jsp?urltype=news.NewsContentUrl&wbtreeid=1042&wbnewsid=13991
教学运行,关于2024-2025学年第二学期《线性代数》课程半期考试安排的通知,"
2025-04-11
         ",../info/1036/13989.htm
教学运行,关于2025届预计毕业生补拍电子注册学历照片的通知,"
2025-04-10
         ",../info/1036/13988.htm
教研教改,福州大学关于公布2023级数理金融实验班 学生主辅修专业及导师名单的通知,"
2025-04-09
         ",../info/1037/13986.htm
质量办,关于开展2025年春季学期本科实验教学专项检查的通知,"
2025-04-08
         ",../info/1040/13983.htm
质量办,关于开展2024年新上岗教师课堂授课达标考核的通知,"
2025-04-07
         ",../info/1040/13982.htm
质量办,关于举办福州大学第六十六场“教学有道”暨第一期智慧教学课程平台与AI智慧教学工具培训的通知,"
2025-04-07
         ",../info/1040/13981.htm
实践科,关于开展大学生校外实践教学基地检查评估工作的通知,"
2025-04-02
         ",../info/1039/13977.htm
教学运行,关于2025年清明节放假课程调整的通知,"
2025-04-01
         ",../info/1036/13976.htm
教学运行,关于2024-2025学年第二学期《大学物理A（上）》、《大学物理B（上）》课程半期考试安排的通知,"
2025-04-01
         ",../info/1036/13974.htm
实践科,关于组织开展第十八届中国大学生计算机设计大赛校内预选赛的通知,"
2025-03-31
         ",../info/1039/13973.htm
实践科,关于举办福州大学第二十二届程序设计竞赛暨校ACM/ICPC集训队选拔赛的通知,"
2025-03-24
         ",../info/1039/13948.htm
教学运行,关于2024-2025学年第二学期《概率论与数理统计》课程半期考试安排的通知,"
2025-03-24
         ",../info/1036/13947.htm
质量办,关于举办第六十五场“教学有道”研讨活动的通知,"
2025-03-20
         ",../info/1040/13945.htm
实践科,关于举办福州大学第十六届企业经营模拟沙盘对抗赛的通知,"
2025-03-19
         ",../info/1039/13935.htm
教学运行,关于做好2025-2026学年第一学期排课准备工作的通知,"
2025-03-11
         ",../info/1036/13908.htm
计划科,关于2024-2025学年第二学期爱课程平台参加通识教育选修课学习的重要提示,"
2025-03-11
         ",../info/1038/13907.htm
质量办,关于举办福州大学第六十四场“教学有道”研讨活动的通知,"
2025-03-11
         ",../info/1040/13905.htm
教学运行,关于做好2025年3月退役复学学生转专业的通知,"
2025-03-10
         ",../info/1036/13904.htm
教学运行,关于2024-2025学年第二学期重新学习选课、缴费的通知,"
2025-03-10
         ",../info/1036/13903.htm
质量办,关于开展2025年春季学期申请类督导听课工作的通知,"
2025-03-07
         ",../info/1040/13901.htm
实践科,关于举办福州大学第五届先进成图技术与产品信息建模创新大赛的通知,"
2025-03-06
         ",../info/1039/13900.htm
实践科,关于举办福州大学第十四届大学生软件设计与服务外包创新创业竞赛的通知,"
2025-03-06
         ",../info/1039/13898.htm
实践科,关于做好创新创业实践与素质拓展学分认定工作的通知,"
2025-03-04
         ",../info/1039/13893.htm
计划科,关于公布2024-2025学年第二学期通选课取消开课名单的通知,"
2025-03-03
         ",../info/1038/13890.htm
综合科,关于2024-2025学年第二学期本科生学生证补办和火车票优惠区间更改的通知,"
2025-02-24
         ",../info/1035/13884.htm
质量办,关于推荐遴选校级本科教学督导员的通知,"
2025-02-24
         ",../info/1040/13883.htm
质量办,关于开学第一周集中听课的通知,"
2025-02-23
         ",../info/1040/13882.htm
教学运行,关于2024-2025第二学期学期选课、辅修选课补退选和缴费的通知,"
2025-02-23
         ",../info/1036/13881.htm
计划科,关于2024-2025学年第二学期港澳台侨学生思政课和军事课程退选替代的通知,"
2025-02-22
         ",../info/1038/13880.htm
计划科,关于通识教育选修课《国际化拔尖创新人才科研训练2025春》宣讲会及选课的通知,"
2025-02-22
         ",../info/1038/13879.htm
计划科,关于2024级学生参加2024-2025学年第二学期《大学生国家安全教育》课程学习的通知,"
2025-02-22
         ",../info/1038/13878.htm
计划科,关于2024-2025学年第二学期通识教育选修课选课的通知,"
2025-02-22
         ",../info/1038/13877.htm
教材中心,关于2024-2025学年第二学期教材发放的通知,"
2025-02-22
         ",../info/1042/13876.htm
综合科,关于召开2024-2025学年春季学期期初本科教育教学工作会议的通知,"
2025-02-22
         ",../content.jsp?urltype=news.NewsContentUrl&wbtreeid=1035&wbnewsid=13875
综合科,教务处关于2025年寒假用印安排的通知,"
2025-01-18
         ",../content.jsp?urltype=news.NewsContentUrl&wbtreeid=1035&wbnewsid=13871
教研教改,福州大学关于收集线上课程资源需求的通知（2025年）,"
2025-01-15
         ",../info/1037/13861.htm
实践科,关于做好第三十一期本科生科研训练计划项目立项申报工作的通知,"
2025-01-13
         ",../info/1039/13858.htm
计划科,关于印发《福州大学本科生课程替代与学分认定管理实施办法》的通知,"
2025-01-10
         ",../info/1038/13857.htm
教学运行,关于2025年春季学期《大学物理实验A（上）》、《大学物理实验C》绪论课程教室安排的通知,"
2025-01-08
         ",../info/1036/13853.htm
教学运行,关于2024-2025学年第二学期辅修专业选课的通知,"
2025-01-07
         ",../info/1036/13852.htm
教学运行,关于2025届预计毕业生校对电子注册学历照片的通知,"
2025-01-07
         ",../info/1036/13851.htm
教学通知,关于召开2024-2025学年秋季学期期末本科教育教学工作会议的通知,"
2025-01-04
         ",../info/1012/13848.htm
综合科,关于召开2024-2025学年秋季学期期末本科教育教学工作会议的通知,"
2025-01-04
         ",../content.jsp?urltype=news.NewsContentUrl&wbtreeid=1035&wbnewsid=13847
计划科,关于核对2024-2025学年第二学期通识教育选修课开课信息的有关通知,"
2025-01-02
         ",../info/1038/13841.htm
教学运行,福州大学关于印发授予普通全日制学生学士学位工作细则的通知,"
2024-12-31
         ",../content.jsp?urltype=news.NewsContentUrl&wbtreeid=1036&wbnewsid=13842
教材中心,关于开展2025年拟出版本科教材审核工作的通知,"
2024-12-31
         ",../content.jsp?urltype=news.NewsContentUrl&wbtreeid=1042&wbnewsid=13840
实践科,关于对2024年学院教学有关数据进行统计的通知,"
2024-12-30
         ",../info/1039/13836.htm
实践科,关于举办福州大学第十一届桥梁设计大赛的通知,"
2024-12-30
         ",../info/1039/13834.htm
教学运行,关于2024-2025学年第一学期《大学物理A（下）》和《大学物理B（下）》课程期末考试安排的通知,"
2024-12-29
         ",../info/1036/13833.htm
教学运行,关于2024-2025学年第一学期《高等数学A（上）》、《高等数学B（上）》、《高等数学C（上）》和《高等数学D》课程期末考试安排的通知,"
2024-12-29
         ",../info/1036/13831.htm
教学运行,关于做好期末复习考试及下学期开学等工作的通知,"
2024-12-27
         ",../info/1036/13820.htm
教材中心,关于开展本科教材工作自查的通知,"
2024-12-25
         ",../content.jsp?urltype=news.NewsContentUrl&wbtreeid=1042&wbnewsid=13819
教学运行,关于2024-2025学年第一学期《工程制图C（上）》、《工程制图D》和《工程制图F》课程期末考试安排的通知,"
2024-12-25
         ",../info/1036/13815.htm
教学运行,关于2024-2025学年第一学期《大学英语（二）》课程期末考试安排的通知,"
2024-12-25
         ",../info/1036/13814.htm
教学运行,关于2024-2025学年第一学期《大学英语（一）》和《大学英语（三）》课程期末考试安排的通知,"
2024-12-25
         ",../info/1036/13813.htm
教学运行,关于2025年元旦放假课程调整的通知,"
2024-12-25
         ",../info/1036/13812.htm
质量办,关于举办福州大学第六十三场“教学有道”研讨活动的通知,"
2024-12-24
         ",../info/1040/13810.htm
实践科,关于公布2024年福州大学大学生工程实践与创新能力大赛获奖名单的通知,"
2024-12-24
         ",../info/1039/13808.htm
教学运行,关于2024-2025学年第一学期《思想道德与法治》课程期末考试安排的通知,"
2024-12-24
         ",../info/1036/13806.htm
教学运行,关于2024-2025学年第一学期《线性代数》和《线性代数与解析几何》课程期末考试安排的通知,"
2024-12-24
         ",../info/1036/13805.htm
教学运行,关于2024-2025学年第二学期本科生学期选课的通知,"
2024-12-23
         ",../info/1036/13804.htm
质量办,关于制定学院本科教学督导工作管理实施办法的通知,"
2024-12-18
         ",../info/1040/13801.htm
质量办,关于上报学院本科教育教学质量保障2024年工作总结和2025年工作计划的通知,"
2024-12-18
         ",../info/1040/13797.htm
教学运行,关于2024-2025学年第一学期《中国近现代史纲要》课程期末考试安排的通知,"
2024-12-17
         ",../info/1036/13796.htm
教学运行,关于2024-2025学年第一学期《大学英语（四）》课程期末考试安排的通知,"
2024-12-17
         ",../info/1036/13795.htm
教学运行,关于2024-2025学年第一学期计算机语言类课程期末考试安排的通知,"
2024-12-13
         ",../info/1036/13792.htm
教材中心,关于公布福州大学2024年本科数字教材建设立项项目的通知,"
2024-12-12
         ",../info/1042/13837.htm
实践科,关于做好2025届本科生毕业设计（论文）工作的通知,"
2024-12-12
         ",../content.jsp?urltype=news.NewsContentUrl&wbtreeid=1039&wbnewsid=13791
综合科,关于评选2024年优秀教学管理人员的通知,"
2024-12-12
         ",../content.jsp?urltype=news.NewsContentUrl&wbtreeid=1035&wbnewsid=13790
实践科,关于做好2024年省级以上大学生创新训练计划项目和第三十期本科生科研训练计划项目中期检查工作的通知,"
2024-12-09
         ",../info/1039/13784.htm
质量办,关于举办福州大学第六十二场“教学有道” 研讨活动的通知,"
2024-12-05
         ",../info/1040/13783.htm
教学运行,关于2024-2025学年第一学期《概率论与数理统计》课程期末考试安排的通知,"
2024-12-04
         ",../info/1036/13780.htm
教学运行,关于2024-2025学年第一学期《马克思主义基本原理》和《毛泽东思想和中国特色社会主义理论体系概论》课程期末考试安排的通知,"
2024-12-03
         ",../info/1036/13779.htm
实践科,关于举办第十五届全国大学生电子商务“三创赛”福州大学校赛的通知,"
2024-12-02
         ",../info/1039/13778.htm
计划科,关于2024-2025学年第二学期修读辅修专业学生名单的公示,"
2024-12-02
         ",../info/1038/13777.htm
实践科,关于组织参加2025年美国大学生数学建模竞赛（MCM/ICM）通知,"
2024-11-29
         ",../info/1039/13773.htm
实践科,关于组织申报2024年高校双碳实践育人案例的通知,"
2024-11-28
         ",../info/1039/13772.htm
质量办,关于举办福州大学第六十一场“教学有道” 研讨活动的通知,"
2024-11-26
         ",../info/1040/13769.htm
质量办,关于举办福州大学第六十场“教学有道”研讨活动的通知,"
2024-11-25
         ",../info/1040/13768.htm
教学运行,关于2024-2025学年第一学期《工程制图E》课程期末考试安排的通知,"
2024-11-22
         ",../info/1036/13766.htm
教学运行,关于2024-2025学年第一学期《高等数学A（下）》课程期末考试安排的通知,"
2024-11-22
         ",../info/1036/13765.htm
教材中心,关于开展2024年本科数字教材建设立项工作的通知,"
2024-11-21
         ",../info/1042/13763.htm
实践科,关于公布第十六届蓝桥杯全国软件和信息技术专业人才大赛福州大学选拔赛获省赛参赛资格名单的通知,"
2024-11-19
         ",../info/1039/13761.htm
教材中心,关于做好2024-2025学年第二学期教材选用与征订工作的通知,"
2024-11-15
         ",../info/1042/13760.htm
综合科,关于2024-2025学年第一学期再次开放本科生学生证补办及火车票优惠区间更改的通知,"
2024-11-15
         ",../info/1035/13759.htm
质量办,关于举办福州大学第五十九场“教学有道” 研讨活动的通知,"
2024-11-14
         ",../info/1040/13758.htm
实践科,关于公布2024年福州大学第十八届本科生数学建模竞赛获奖名单的通知,"
2024-11-13
         ",../info/1039/13754.htm
教学运行,关于2024-2025学年第一学期《习近平新时代中国特色社会主义思想概论》课程期末考试安排的通知,"
2024-11-12
         ",../info/1036/13752.htm
计划科,关于组织申报2024-2025学年第二学期通识教育选修课的通知,"
2024-11-11
         ",../info/1038/13750.htm
教材中心,关于举办福州大学第五十八场“教学有道”研讨活动暨数字教材建设专题研讨会的通知,"
2024-11-11
         ",../info/1042/13749.htm
教学运行,关于公布2024学年各学院转专业实施细则的通知,"
2024-11-08
         ",../info/1036/13748.htm
教学运行,关于2024-2025学年第一学期《线性代数》和《线性代数与解析几何》课程半期考试安排的通知,"
2024-11-07
         ",../info/1036/13746.htm
教研教改,关于开展2024年度教育部产学合作协同育人项目结题验收工作的通知,"
2024-11-05
         ",../info/1037/13743.htm
计划科,关于2024-2025学年第一学期在校学生申请辅修专业的通知,"
2024-11-01
         ",../info/1038/13741.htm
教学运行,关于2024-2025学年第一学期《高等数学A（上）》、《高等数学B（上）》、《高等数学C（上）》、《高等数学D》课程半期考试安排的通知,"
2024-10-29
         ",../info/1036/13739.htm
质量办,关于期中党政领导集中听课的通知,"
2024-10-28
         ",../info/1040/13738.htm
教学运行,关于做好2024学年本科生转专业工作的通知,"
2024-10-23
         ",../info/1036/13733.htm
教材中心,关于进一步加强马克思主义理论研究和建设工程重点教材选用工作的通知,"
2024-10-21
         ",../content.jsp?urltype=news.NewsContentUrl&wbtreeid=1042&wbnewsid=13729
质量办,关于举办2024年教师教学创新大赛培训会暨第五十七场“教学有道”研讨活动的通知,"
2024-10-21
         ",../info/1040/13728.htm
教学运行,关于做好2025届预计毕业生电子注册图像采集工作的通知,"
2024-10-21
         ",../info/1036/13727.htm
教学运行,关于2024-2025学年第一学期《大学物理A（下）》、《大学物理B（下）》课程半期考试安排的通知,"
2024-10-18
         ",../info/1036/13725.htm
质量办,关于2024年新上岗教师教学达标培训班教师配备导师的通知,"
2024-10-16
         ",../info/1040/13723.htm
质量办,诚邀2019届毕业生参与培养目标达成和职业发展问卷调研,"
2024-10-15
         ",../info/1040/13721.htm
实践科,关于举办第十六届蓝桥杯全国软件和信息技术专业人才大赛福州大学选拔赛的通知,"
2024-10-15
         ",../info/1039/13720.htm
质量办,关于举办福州大学第五十六场“教学有道”研讨活动的通知,"
2024-10-15
         ",../info/1040/13719.htm
计划科,关于全校性通识教育选修课《爱课程：管理沟通》学习的重要提示,"
2024-10-14
         ",../info/1038/13717.htm
教学运行,关于2024-2025学年第一学期《概率论与数理统计》课程半期考试安排的通知,"
2024-10-12
         ",../info/1036/13716.htm
教学运行,关于填报课程学生出勤率信息的通知,"
2024-10-11
         ",../info/1036/13715.htm
教学运行,关于2024-2025学年第一学期《高等数学A（下）》课程半期考试安排的通知,"
2024-09-30
         ",../info/1036/13705.htm
实践科,关于2024年高校教学基本状态数据库教学相关数据报送的通知,"
2024-09-29
         ",../info/1039/13704.htm
质量办,关于开展福州大学2024年教师教学创新大赛的通知,"
2024-09-29
         ",../info/1040/13703.htm
教学运行,关于组织2024级新生开展学籍信息自查工作的通知,"
2024-09-27
         ",../info/1036/13701.htm
实践科,关于举办2024年福州大学大学生工程实践与创新能力大赛暨2024年福建省大学生工程实践与创新能力大赛福州大学分区赛的通知,"
2024-09-27
         ",../info/1039/13700.htm
教材中心,关于举办福州大学第五十五场“教学有道”研讨活动的通知,"
2024-09-25
         ",../info/1042/13697.htm
教学运行,关于2024年国庆节放假课程调整的通知,"
2024-09-24
         ",../info/1036/13696.htm
计划科,关于通识教育选修课《国际化拔尖创新人才科研训练》宣讲会及选课的通知,"
2024-09-23
         ",../info/1038/13695.htm
计划科,关于组织2024级学生参加《大学生国家安全教育》课程学习的通知,"
2024-09-23
         ",../info/1038/13693.htm
计划科,关于公布《大学生国家安全教育》课程实施方案的通知,"
2024-09-23
         ",../info/1038/13692.htm
质量办,关于开展思政课教学专项检查的通知,"
2024-09-20
         ",../info/1040/13689.htm
教学运行,关于2024-2025学年第一学期2024级体育理论教室安排的通知,"
2024-09-20
         ",../info/1036/13688.htm
质量办,福州大学关于成立思政课教学指导组的通知,"
2024-09-20
         ",../info/1040/13687.htm
教学运行,关于做好2024-2025学年第二学期排课准备工作的通知,"
2024-09-19
         ",../info/1036/13686.htm
质量办,关于举办福州大学第五十四场“教学有道”研讨活动的通知,"
2024-09-14
         ",../info/1040/13683.htm
质量办,关于每学期开展常态化课程考核教学档案检查的通知,"
2024-09-14
         ",../info/1040/13682.htm
计划科,关于2024-2025学年第一学期爱课程平台参加通识教育选修课学习的重要提示,"
2024-09-13
         ",../info/1038/13681.htm
教材中心,关于申请试用高等教育出版社“云创”数字教材创作编写平台的通知,"
2024-09-13
         ",../content.jsp?urltype=news.NewsContentUrl&wbtreeid=1042&wbnewsid=13680
实践科,关于公布第二十八、二十九期本科生科研训练计划项目结题成绩的通知,"
2024-09-11
         ",../info/1039/13677.htm
实践科,关于公布省级以上大学生创新创业训练计划项目结题成绩的通知,"
2024-09-11
         ",../info/1039/13676.htm
教学运行,关于2024年中秋节放假课程调整的通知,"
2024-09-11
         ",../info/1036/13675.htm
教学运行,关于2024-2025学年第一学期重新学习选课、缴费的通知,"
2024-09-09
         ",../info/1036/13671.htm
综合科,关于召开2024-2025学年秋季学期期初本科教育教学工作会议的通知,"
2024-09-06
         ",../content.jsp?urltype=news.NewsContentUrl&wbtreeid=1035&wbnewsid=13666
教学运行,关于2024-2025-01体育理论教室安排（2023级）的通知,"
2024-09-06
         ",../info/1036/13665.htm
实践科,关于做好2023-2024学年度本科毕业论文（设计）抽检工作的通知,"
2024-09-05
         ",../info/1039/13662.htm
质量办,关于开展申请类督导听课工作的通知,"
2024-09-05
         ",../info/1040/13661.htm
教材中心,关于2024级新生领取课程教材的通知,"
2024-09-04
         ",../info/1042/13658.htm
综合科,关于2024-2025学年第一学期本科生学生证和火车票优惠区间更改的通知,"
2024-09-04
         ",../info/1035/13654.htm
综合科,关于召开2024年宁夏大学、银川能源学院本科生赴福州大学访学见面交流会的通知,"
2024-09-02
         ",../info/1035/13651.htm
计划科,关于公布2024-2025学年第一学期通选课取消开课名单的通知,"
2024-09-02
         ",../info/1038/13650.htm
教学运行,关于做好2024年9月退役复学学生转专业的通知,"
2024-09-02
         ",../info/1036/13649.htm
综合科,关于2024级本科生（含访学学生）学生证信息采集的通知,"
2024-09-02
         ",../info/1035/13648.htm
教研教改,福州大学关于开展2024级“数智实验班” 招生工作的通知,"
2024-08-30
         ",../info/1037/13647.htm
综合科,关于购买优惠火车票相关事宜的通知,"
2024-08-30
         ",../info/1035/13646.htm
教研教改,福州大学关于开展2024级“嘉锡化学拔尖班”招生工作的通知,"
2024-08-30
         ",../info/1037/13643.htm
教研教改,福州大学关于开展2024级“数理综合班”招生工作的通知,"
2024-08-30
         ",../info/1037/13642.htm
教研教改,福州大学关于开展2024级“数理金融实验班”招生工作的通知,"
2024-08-30
         ",../info/1037/13641.htm
教学运行,关于2024-2025学年第一学期辅修专业补退选、缴费的通知,"
2024-08-26
         ",../info/1036/13639.htm
计划科,关于2024-2025学年第一学期港澳台侨学生思政课和军事课程退选替代的通知,"
2024-08-25
         ",../info/1038/13637.htm
计划科,关于2024-2025学年第一学期通识教育选修课选课的通知,"
2024-08-25
         ",../info/1038/13636.htm
质量办,关于开学第一周集中听课的通知,"
2024-08-25
         ",../info/1040/13635.htm
教学运行,关于2024-2025学年第一学期学期选课补退选的通知,"
2024-08-25
         ",../info/1036/13634.htm
质量办,关于开展2024年工程教育认证研讨培训的通知,"
2024-08-02
         ",../info/1040/13630.htm
教学运行,福州大学关于印发《福州大学本科生转专业管理实施办法》的通知,"
2024-08-01
         ",../info/1036/13629.htm
实践科,关于转发《关于举办2024年福建省大学生人工智能创意赛暨昇腾AI创新大赛的通知》的通知,"
2024-07-10
         ",../info/1039/13628.htm
实践科,关于公布第十三届大学生软件设计与服务外包创新创业竞赛获奖名单的通知,"
2024-07-06
         ",../info/1039/13617.htm
综合科,教务处关于2024年暑假用印安排的通知,"
2024-07-06
         ",../content.jsp?urltype=news.NewsContentUrl&wbtreeid=1035&wbnewsid=13626
实践科,关于公布福州大学2024届本科生优秀毕业设计（论文）名单的通知,"
2024-07-06
         ",../info/1039/13616.htm
教研教改,福州大学关于公布第八届 远志创业实验班学生名单的通知,"
2024-07-01
         ",../info/1037/13602.htm
教学运行,关于2024-2025学年第一学期辅修专业选课的通知,"
2024-07-01
         ",../info/1036/13601.htm
综合科,友情提示,"
2024-06-29
         ",../info/1035/13592.htm
教学运行,关于做好期末复习考试及下学期开学等工作的通知,"
2024-06-26
         ",../info/1036/13585.htm
实践科,关于公布2024年第二十四届数学竞赛获奖名单的通知,"
2024-06-26
         ",../info/1039/13584.htm
实践科,关于公布第十五届企业经营模拟沙盘对抗赛获奖名单的通知,"
2024-06-26
         ",../info/1039/13583.htm
教材中心,关于召开数字教材建设研讨会的通知,"
2024-06-25
         ",../info/1042/13582.htm
计划科,关于核对2024-2025学年第一学期通识教育选修课开课信息的有关通知,"
2024-06-25
         ",../info/1038/13581.htm
教研教改,关于转发福建省教育厅办公室《关于举办2024年本科高校课程思政骨干教师、研究生导师培训班的通知》的通知,"
2024-06-21
         ",../info/1037/13580.htm
教研教改,关于组织教师和学生参加人工智能赋能高等教育调查报告全国抽样调查问卷的通知,"
2024-06-21
         ",../info/1037/13579.htm
教学运行,关于2023-2024学年第二学期《大学物理A（上）》、《大学物理B（上）》、《大学物理C》课程期末考试安排的通知,"
2024-06-21
         ",../info/1036/13578.htm
教学运行,关于2023-2024学年第二学期《大学英语（二）》、《大学英语（四）》课程期末考试安排的通知,"
2024-06-20
         ",../info/1036/13577.htm
教学运行,关于2023-2024学年第二学期《英语专题》课程期末考试安排的通知,"
2024-06-20
         ",../info/1036/13576.htm
教学运行,关于2023-2024学年第二学期《工程制图A（下）》、《工程制图D》、《工程制图F》课程期末考试安排的通知,"
2024-06-19
         ",../info/1036/13574.htm
教学运行,关于2024-2025学年第一学期本科生学期选课的通知,"
2024-06-17
         ",../info/1036/13569.htm
教学运行,关于2023-2024学年第二学期《大学英语（三）》课程期末考试安排的通知,"
2024-06-17
         ",../info/1036/13568.htm
实践科,关于转发组织申报福建省高等教育学会2024年度高等教育科学研究实验室研究专项课题的通知,"
2024-06-14
         ",../info/1039/13565.htm
教学运行,关于2023-2024学年第二学期《高等数学A（中）》、《高等数学B（下）》、《高等数学C（下）》课程期末考试安排的通知,"
2024-06-12
         ",../info/1036/13563.htm
实践科,关于转发《关于举办第十四届海峡两岸信息服务创新大赛暨福建省第十八届计算机软件设计大赛的通知》的通知,"
2024-06-11
         ",../info/1039/13560.htm
实践科,关于公布第三十期本科生科研训练计划立项项目的通知,"
2024-06-07
         ",../info/1039/13559.htm
教研教改,关于组织申报福建省新文科教育研究中心第二批高校新文科建设优秀案例的通知,"
2024-06-05
         ",../info/1037/13555.htm
教研教改,福州大学关于公布2022级数理综合班 专业分流学生名单及学科导师名单的通知,"
2024-06-05
         ",../info/1037/13554.htm
教研教改,福州大学关于公布2022级数理金融 实验班学生主辅修专业及导师名单的通知,"
2024-06-05
         ",../info/1037/13553.htm
计划科,关于2024-2025学年第一学期修读辅修专业学生名单的公示,"
2024-06-05
         ",../info/1038/13548.htm
质量办,关于举办福州大学第五十三场“教学有道” 研讨活动的通知,"
2024-06-05
         ",../info/1040/13547.htm
教材中心,关于做好2024-2025学年第一学期教材选用及征订工作的通知（更新）,"
2024-06-04
         ",../info/1042/13546.htm
教学运行,关于2023-2024学年第二学期《马克思主义基本原理》课程期末考试安排的通知,"
2024-06-04
         ",../info/1036/13545.htm
教学运行,关于2023-2024学年第二学期《毛泽东思想和中国特色社会主义理论体系概论》课程期末考试安排的通知,"
2024-06-04
         ",../info/1036/13544.htm
教学通知,福州大学关于推荐新一届教育部高等学校教学指导委员会专家的通知,"
2024-05-30
         ",../info/1012/13538.htm
教学运行,关于2024年端午放假课程调整的通知,"
2024-05-30
         ",../info/1036/13536.htm
教学运行,关于2023-2024学年第二学期《工程制图（C）》课程期末考试安排的通知,"
2024-05-29
         ",../info/1036/13533.htm
教学运行,关于2023-2024学年第二学期《思想道德与法治》课程期末考试安排的通知,"
2024-05-29
         ",../info/1036/13532.htm
教学运行,关于2023-2024学年第二学期《概率论与数理统计》课程期末考试安排的通知,"
2024-05-27
         ",../info/1036/13531.htm
教学运行,关于2023-2024学年第二学期《中国近现代史纲要》课程期末考试安排的通知,"
2024-05-24
         ",../info/1036/13530.htm
教学运行,关于2023-2024学年第二学期《线性代数》课程期末考试安排的通知,"
2024-05-24
         ",../info/1036/13529.htm
实践科,关于公布2024年本科生创新创业实践与素质拓展学分认定结果的通知,"
2024-05-22
         ",../info/1039/13525.htm
教研教改,福州大学关于开展优秀拔尖创新人才培养案例征集的通知,"
2024-05-22
         ",../info/1037/13524.htm
教研教改,福州大学关于开展第八届远志创业实验班招生工作的通知,"
2024-05-17
         ",../info/1037/13513.htm
教学运行,关于2023-2024学年第二学期《习近平新时代中国特色社会主义思想概论》课程期末考试安排的通知,"
2024-05-15
         ",../info/1036/13501.htm
教学运行,关于2025届预计毕业生核对电子注册学历信息的通知,"
2024-05-15
         ",../info/1036/13497.htm
教学运行,关于2023-2024学年第二学期计算机语言类课程期末考试安排的通知,"
2024-05-15
         ",../info/1036/13491.htm
实践科,关于公布第十届桥梁设计大赛获奖名单的通知,"
2024-05-11
         ",../info/1039/13481.htm
实践科,关于做好国家、省级大学生创新创业训练计划项目结题工作的通知,"
2024-05-10
         ",../info/1039/13479.htm
实践科,关于做好第二十八期、二十九期本科生科研训练计划项目结题工作的通知,"
2024-05-10
         ",../info/1039/13478.htm
教材中心,关于举办福州大学第五十二场“教学有道” 研讨活动的通知,"
2024-05-09
         ",../info/1042/13477.htm
综合科,关于2023-2024学年第二学期再次开放本科生学生证和火车票优惠卡补办及火车票优惠卡更改区间的通知,"
2024-05-08
         ",../info/1035/13475.htm
计划科,2023-2024学年第二学期在校学生申请辅修专业的通知,"
2024-05-07
         ",../info/1038/13473.htm
计划科,关于组织申报2024-2025学年第一学期通识教育选修课的通知,"
2024-05-06
         ",../info/1038/13472.htm
实践科,关于公布第四届福州大学大学生先进成图技术与产品信息建模创新大赛获奖名单的通知,"
2024-04-30
         ",../info/1039/13470.htm
实践科,福州大学关于公布第二十一届程序设计竞赛获奖名单的通知,"
2024-04-30
         ",../info/1039/13469.htm
教材中心,关于开展2024年拟出版本科教材审核工作的通知,"
2024-04-29
         ",../info/1042/13417.htm
实践科,关于对2024届本科毕业设计（论文）试行AIGC检测的通知,"
2024-04-28
         ",../content.jsp?urltype=news.NewsContentUrl&wbtreeid=1039&wbnewsid=13415
教学运行,关于2023-2024学年第二学期《工程制图E》课程期末考试安排的通知,"
2024-04-28
         ",../info/1036/13414.htm
实践科,关于公布福州大学第十四届大学生节能减排社会实践与科技竞赛暨第十届材料创新、设计及应用竞赛获奖名单的通知,"
2024-04-26
         ",../info/1039/13413.htm
实践科,关于开展2024届本科毕业设计（论文）抽检送审工作的通知,"
2024-04-26
         ",../info/1039/13411.htm
质量办,关于举办福州大学第五十一场“教学有道”  研讨活动的通知,"
2024-04-26
         ",../info/1040/13410.htm
教学运行,关于2024年五一劳动节放假课程调整的通知,"
2024-04-26
         ",../info/1036/13409.htm
质量办,关于举办福州大学第五十场“教学有道”  研讨活动的通知,"
2024-04-24
         ",../info/1040/13408.htm
教学运行,关于2023-2024-02学期体育理论课安排的通知,"
2024-04-24
         ",../info/1036/13406.htm
实践科,关于举办2024年福州大学第二十四届数学竞赛的通知,"
2024-04-23
         ",../info/1039/13405.htm
实践科,福州大学关于公布第八届网络信息安全竞赛获奖名单的通知,"
2024-04-22
         ",../info/1039/13403.htm
实践科,关于举办福州大学第六届大学生机器人竞赛的通知,"
2024-04-19
         ",../info/1039/13397.htm
实践科,关于举办福州大学第十八届数学建模竞赛的通知,"
2024-04-19
         ",../info/1039/13396.htm
实践科,关于举办福州大学第二十一届程序设计竞赛暨校ACM/ICPC集训队选拔赛的通知,"
2024-04-17
         ",../info/1039/13391.htm
质量办,关于举办福州大学第四十九场“教学有道”研讨活动的通知,"
2024-04-17
         ",../info/1040/13390.htm
综合科,关于第61届中国高等教育博览会的参会指南,"
2024-04-12
         ",../content.jsp?urltype=news.NewsContentUrl&wbtreeid=1035&wbnewsid=13378
计划科,关于召开2024版本科人才培养方案修订工作专题会议的通知,"
2024-04-11
         ",../info/1038/13379.htm
实践科,关于对2024届本科毕业设计（论文）进行查重检测的通知,"
2024-04-10
         ",../info/1039/13375.htm
教学运行,关于2024届预计毕业生补拍电子注册学历照片的通知,"
2024-04-10
         ",../info/1036/13374.htm
质量办,关于开展2023年新上岗教师课堂授课达标考核的通知,"
2024-04-08
         ",../info/1040/13353.htm
教学运行,关于2023-2024学年第二学期《线性代数》课程半期考试安排的通知,"
2024-04-07
         ",../info/1036/13352.htm
教学运行,关于2023-2024学年第二学期《大学物理A（上）》、《大学物理B（上）》课程半期考试安排的通知,"
2024-04-07
         ",../info/1036/13351.htm
教学运行,关于2023-2024学年第二学期《概率论与数理统计》课程半期考试安排的通知,"
2024-04-03
         ",../info/1036/13349.htm
教学运行,关于2023-2024学年第二学期《高等数学A（中）》、《高等数学B（下）》、《高等数学C（下）》课程半期考试安排的通知,"
2024-04-03
         ",../info/1036/13348.htm
综合科,关于组织教师参加第61届中国高等教育博览会的通知,"
2024-04-02
         ",../content.jsp?urltype=news.NewsContentUrl&wbtreeid=1035&wbnewsid=13347
教学运行,关于2024年清明节放假课程调整的通知,"
2024-04-01
         ",../info/1036/13343.htm
实践科,关于举办福州大学第十五届企业经营模拟沙盘对抗赛的通知,"
2024-03-27
         ",../info/1039/13335.htm
实践科,关于组织开展第十七届中国大学生计算机设计大赛福州大学校内预选赛的通知,"
2024-03-27
         ",../info/1039/13334.htm
实践科,关于举办福州大学第四届大学生先进成图技术与产品信息建模创新大赛的通知,"
2024-03-27
         ",../info/1039/13333.htm
实践科,关于举办福州大学第十四届大学生节能减排社会实践与科技竞赛暨第十届材料创新、设计及应用竞赛的通知,"
2024-03-22
         ",../info/1039/13331.htm
实践科,关于举办福州大学第八届网络信息安全竞赛的通知,"
2024-03-21
         ",../info/1039/13329.htm
教学运行,关于做好2024-2025学年第一学期排课准备工作的通知,"
2024-03-18
         ",../info/1036/13322.htm
综合科,关于更改2023-2024学年春季学期期初本科教育教学工作会议时间的通知,"
2024-03-14
         ",../content.jsp?urltype=news.NewsContentUrl&wbtreeid=1035&wbnewsid=13313
实践科,关于举办福州大学第十三届大学生软件设计与服务外包创新创业竞赛的通知,"
2024-03-13
         ",../info/1039/13312.htm
计划科,关于通识选修课《爱课程：美化嗓音 轻松讲课》开课的友情提示 ,"
2024-03-13
         ",../info/1038/13310.htm
综合科,关于召开2023-2024学年春季学期期初本科教育教学工作会议的通知,"
2024-03-13
         ",../content.jsp?urltype=news.NewsContentUrl&wbtreeid=1035&wbnewsid=13309
实践科,关于转发《关于邀请省内高校大学生参与2024数字中国创新大赛的函》的通知,"
2024-03-12
         ",../info/1039/13308.htm
教学运行,关于2023-2024学年第二学期重新学习选课、缴费的通知,"
2024-03-11
         ",../info/1036/13306.htm
计划科,关于2023-2024学年第二学期爱课程平台参加通识教育选修课学习的重要提示,"
2024-03-11
         ",../info/1038/13305.htm
质量办,关于组织教师参加第四届福建省教师教学创新大赛产教融合赛道的通知,"
2024-03-06
         ",../info/1040/13301.htm
实践科,关于参加2024年（第十届）全国大学生统计建模大赛的通知,"
2024-03-05
         ",../info/1039/13296.htm
实践科,关于做好第三十期本科生科研训练计划项目立项申报工作的通知,"
2024-03-05
         ",../info/1039/13294.htm
计划科,关于公布2023-2024学年第二学期通选课取消开课名单的通知,"
2024-03-04
         ",../info/1038/13293.htm
综合科,关于2023-2024学年第二学期本科生学生证和火车票优惠卡补办及火车票优惠卡更改区间的通知,"
2024-02-29
         ",../info/1035/13280.htm
教学运行,关于做好2024年3月退役复学学生转专业的通知,"
2024-02-27
         ",../info/1036/13284.htm
计划科,关于通识教育选修课《国际化拔尖创新人才科研训练》宣讲会及选课的通知,"
2024-02-27
         ",../info/1038/13283.htm
实践科,关于2024届本科毕业生创新创业实践与素质拓展学分认定工作的通知,"
2024-02-26
         ",../info/1039/13281.htm
计划科,关于2023-2024学年第二学期港澳台侨学生思政课和军事课程退选替代的通知,"
2024-02-25
         ",../info/1038/13279.htm
实践科,关于对2023年学院教学有关数据进行统计的通知,"
2024-02-25
         ",../info/1039/13278.htm
计划科,关于2023-2024学年第二学期通识教育选修课选课的通知,"
2024-02-25
         ",../info/1038/13277.htm
质量办,关于开学第一周集中听课的通知,"
2024-02-25
         ",../info/1040/13276.htm
教学运行,关于2023-2024第二学期学期选课、辅修选课补退选的通知,"
2024-02-25
         ",../info/1036/13275.htm
实践科,关于推荐申报实验教学和教学实验室建设研究项目的通知,"
2024-02-06
         ",../info/1039/13272.htm
教学运行,关于2024年春季学期《大学物理实验》绪论课程教室安排的通知,"
2024-01-20
         ",../info/1036/13254.htm
综合科,教务处关于2024年寒假用印安排的通知,"
2024-01-20
         ",../content.jsp?urltype=news.NewsContentUrl&wbtreeid=1035&wbnewsid=13252
教材中心,关于组织申报福建省“十四五”普通高等教育本科规划教材建设项目的通知,"
2024-01-18
         ",../info/1042/13251.htm
质量办,关于上报学院本科教育教学质量保障2023年工作总结和2024年工作计划的通知,"
2024-01-12
         ",../info/1040/13248.htm
计划科,关于核对2023-2024学年第二学期通识教育选修课开课信息的通知,"
2024-01-11
         ",../info/1038/13245.htm
综合科,关于召开2023-2024学年秋季学期期末本科教育教学工作会议的通知,"
2024-01-10
         ",../info/1035/13242.htm
教学运行,关于2023-2024学年第二学期辅修专业选课的通知,"
2024-01-09
         ",../info/1036/13241.htm
实践科,关于组织参加2024年美国大学生数学建模竞赛通知,"
2024-01-08
         ",../info/1039/13231.htm
教学运行,关于做好期末复习考试及下学期开学等工作的通知,"
2024-01-03
         ",../info/1036/13221.htm
教学运行,关于2023-2024学年第一学期《高等数学C（上）》、《高等数学D》课程期末考试安排的通知,"
2024-01-02
         ",../info/1036/13213.htm
教学运行,关于2023-2024学年第一学期《高等数学A（上）》、《高等数学B（上）》课程期末考试安排的通知,"
2024-01-02
         ",../info/1036/13212.htm
教学运行,关于2023-2024学年第一学期《大学物理A（下）》课程期末考试安排的通知,"
2024-01-02
         ",../info/1036/13211.htm
教学运行,关于2023-2024学年第一学期《大学英语（二）》课程期末考试安排的通知,"
2024-01-02
         ",../info/1036/13210.htm
教学运行,关于2023-2024学年第一学期《大学英语（一）》、《大学英语（三）》课程期末考试安排的通知,"
2024-01-02
         ",../info/1036/13209.htm
教学运行,关于2023-2024学年第一学期《工程制图A（上）》、《工程制图C（上）》、《工程制图D》、《工程制图F》课程期末考试安排的通知,"
2024-01-02
         ",../info/1036/13208.htm
实践科,关于公布大学生校外实践教学基地检查结果的通知,"
2023-12-29
         ",../info/1039/13207.htm
实践科,关于公布首批大学生示范性校外实践教学基地名单的通知,"
2023-12-28
         ",../info/1039/13206.htm
教研教改,关于开展福建省第二批新工科教育优秀教学案例征集、实践平台共建共享推荐工作的通知,"
2023-12-26
         ",../info/1037/13204.htm
教研教改,关于开展福建省高校第二批课程思政优秀教学案例推荐工作的通知,"
2023-12-26
         ",../info/1037/13203.htm
质量办,福州大学关于公布2023年教师教学创新大赛获奖名单的通知,"
2023-12-26
         ",../info/1040/13201.htm
教学运行,关于2023-2024学年第二学期本科生学期选课的通知,"
2023-12-25
         ",../info/1036/13198.htm
教学运行,关于2024年元旦放假课程调整的通知,"
2023-12-25
         ",../info/1036/13197.htm
教研教改,关于转发教育部高等教育司《关于公布2023年产学合作协同育人项目立项名单的通知》的通知,"
2023-12-21
         ",../info/1037/13196.htm
教学运行,关于2023-2024学年第一学期《大学英语（四）》课程期末考试安排的通知,"
2023-12-21
         ",../info/1036/13195.htm
教学运行,关于2023-2024学年第一学期《线性代数》、《线性代数与解析几何》课程期末考试安排的通知,"
2023-12-21
         ",../info/1036/13194.htm
教学运行,关于2023-2024学年第一学期计算机语言类课程期末考试安排的通知,"
2023-12-21
         ",../info/1036/13193.htm
实践科,关于做好2023年省级以上大学生创新创业训练计划项目和第二十九期本科生科研训练计划项目中期检查工作的通知,"
2023-12-19
         ",../info/1039/13191.htm
教学运行,关于2023-2024学年第一学期《思想道德与法治》课程期末考试安排的通知,"
2023-12-18
         ",../info/1036/13182.htm
教学运行,关于2023-2024学年第一学期《中国近现代史纲要》课程期末考试安排的通知,"
2023-12-18
         ",../info/1036/13181.htm
质量办,关于2023年新上岗教师教学达标培训班教师配备导师的通知,"
2023-12-15
         ",../info/1040/13173.htm
实践科,关于举办福州大学第十届桥梁设计大赛的通知,"
2023-12-06
         ",../info/1039/13167.htm
教研教改,福州大学关于开展第三批国家级一流本科课程申报推荐工作的通知,"
2023-12-06
         ",../info/1037/13166.htm
教材中心,转发教育部办公厅关于印发《 “十四五”普通高等教育本科国家级规划教材建设实施方案》的通知,"
2023-12-05
         ",../info/1042/13164.htm
教学运行,关于2023-2024学年第一学期《马克思主义基本原理》课程期末考试安排的通知,"
2023-12-05
         ",../info/1036/13163.htm
教学运行,关于2023-2024学年第一学期《毛泽东思想和中国特色社会主义理论体系概论》课程期末考试安排的通知,"
2023-12-05
         ",../info/1036/13162.htm
实践科,关于做好2024届本科生毕业设计（论文）工作的通知,"
2023-12-04
         ",../info/1039/13155.htm
计划科,关于2023-2024学年第二学期修读辅修专业学生名单的公示,"
2023-12-04
         ",../info/1038/13154.htm
实践科,关于开展大学生校外实践教学基地抽检评审的通知,"
2023-11-29
         ",../info/1039/13152.htm
教研教改,关于公布2023年福州大学课程思政示范项目立项建设名单的通知,"
2023-11-28
         ",../info/1037/13151.htm
教学运行,关于2023-2024学年第一学期《概率论与数理统计》课程期末考试安排的通知,"
2023-11-27
         ",../info/1036/13147.htm
教学运行,关于2023-2024学年第一学期《大学物理B（下）》课程期末考试安排的通知,"
2023-11-27
         ",../info/1036/13146.htm
教材中心,关于做好2023-2024学年第二学期教材选用及征订工作的通知,"
2023-11-23
         ",../info/1042/13144.htm
实践科,关于公布第十五届蓝桥杯全国软件和信息技术专业人才大赛省赛参赛资格名单的通知,"
2023-11-22
         ",../info/1039/13142.htm
实践科,关于举办第十四届全国大学生电子商务“三创赛”福州大学校赛的通知,"
2023-11-17
         ",../info/1039/13134.htm
综合科,关于2023-2024学年第一学期再次开放本科生学生证和火车票优惠卡补办及火车票优惠卡更改区间的通知,"
2023-11-14
         ",../info/1035/13132.htm
教研教改,关于转发福建省高等教育研究院《“福建省高等教育改革与研究项目”申报通知》的通知,"
2023-11-13
         ",../info/1037/13122.htm
计划科,关于组织申报2023-2024学年第二学期通识教育选修课的通知,"
2023-11-13
         ",../info/1038/13121.htm
教学运行,关于2023-2024学年第一学期《工程制图E》、《画法几何》课程期末考试安排的通知,"
2023-11-08
         ",../info/1036/13109.htm
教学运行,关于2023-2024学年第一学期《高等数学A（上）》、《高等数学B（上）》、《高等数学C（上）》、《高等数学D》课程半期考试安排的通知,"
2023-11-08
         ",../info/1036/13108.htm
教学运行,关于2023-2024学年第一学期《线性代数》、《线性代数与解析几何》课程半期考试安排的通知,"
2023-11-08
         ",../info/1036/13107.htm
教学运行,关于2023-2024学年第一学期《高等数学A（下）》课程期末考试安排的通知,"
2023-11-08
         ",../info/1036/13105.htm
教学运行,关于公布2023学年各学院转专业实施细则的通知,"
2023-11-07
         ",../info/1036/13102.htm
教学运行,关于2023-2024学年第一学期《习近平新时代中国特色社会主义思想概论》课程期末考试安排的通知,"
2023-11-07
         ",../info/1036/13101.htm
计划科,关于2023-2024学年第一学期在校学生申请辅修专业的通知,"
2023-11-06
         ",../info/1038/13094.htm
质量办,关于期中党政领导集中听课的通知,"
2023-10-30
         ",../info/1040/13079.htm
综合科,关于福州大学智慧教室二期使用培训的通知,"
2023-10-24
         ",../content.jsp?urltype=news.NewsContentUrl&wbtreeid=1035&wbnewsid=13062
教材中心,关于召开教材建设研讨会暨福州大学第四十八场“教学有道”研讨会的通知,"
2023-10-23
         ",../info/1042/13052.htm
实践科,关于举办第十五届蓝桥杯全国软件和信息技术专业人才大赛福州大学选拔赛的通知,"
2023-10-20
         ",../info/1039/13051.htm
教学运行,关于做好2023学年本科生转专业工作的通知,"
2023-10-19
         ",../info/1036/13043.htm
质量办,关于举办福州大学第四十七场“教学有道”研讨活动暨2023年教师教学创新大赛培训会的通知,"
2023-10-19
         ",../info/1040/13041.htm
教学运行,关于2023-2024学年第一学期《高等数学A（下）》课程半期考试安排的通知,"
2023-10-17
         ",../info/1036/13039.htm
教学运行,关于2023-2024学年第一学期《大学物理A（下）》、《大学物理B（下）》课程半期考试安排的通知,"
2023-10-16
         ",../info/1036/13038.htm
实践科,关于2023年高校教学基本状态数据库教学相关数据报送的通知,"
2023-10-16
         ",../info/1039/13035.htm
教学运行,关于做好2024届预计毕业生电子注册图像采集工作的通知,"
2023-10-16
         ",../info/1036/13034.htm
教学运行,关于组织2023级新生开展学籍信息自查工作的通知,"
2023-10-09
         ",../info/1036/13029.htm
质量办,关于开展福州大学2023年教师教学创新大赛的通知,"
2023-10-08
         ",../info/1040/13028.htm
教学运行,关于2023-2024学年第一学期《概率与数理统计》课程半期考试安排的通知,"
2023-10-08
         ",../info/1036/13027.htm
教学运行,关于2023年中秋节、国庆节放假课程调整的通知,"
2023-09-25
         ",../info/1036/13017.htm
教学运行,2023-2024-01学期2023级体育理论教室安排表,"
2023-09-20
         ",../info/1036/13014.htm
教学运行,关于做好2023-2024学年第二学期排课准备工作的通知,"
2023-09-20
         ",../info/1036/13013.htm
实践科,关于公布第十二届大学生软件设计与服务外包创新创业竞赛获奖名单的通知,"
2023-09-19
         ",../info/1039/13011.htm
计划科,关于2023-2024学年第一学期爱课程平台参加通识教育选修课学习的重要提示,"
2023-09-18
         ",../info/1038/13001.htm
计划科,关于通识选修课《爱课程：美化嗓音 轻松讲课》开课的友情提示 ,"
2023-09-18
         ",../info/1038/13000.htm
实践科,关于公布省级以上大学生创新创业训练计划项目结题成绩的通知,"
2023-09-15
         ",../info/1039/12999.htm
实践科,关于公布第二十七、二十八期本科生科研训练计划项目结题成绩的通知,"
2023-09-15
         ",../info/1039/12998.htm
质量办,关于举办福州大学第四十六场“教学有道”研讨活动的通知,"
2023-09-14
         ",../info/1040/12997.htm
教研教改,福州大学关于公布2023级 “嘉锡化学拔尖班”学生名单的通知,"
2023-09-14
         ",../info/1037/12996.htm
教研教改,福州大学关于公布2023级“数理综合班”学生名单的通知,"
2023-09-14
         ",../info/1037/12995.htm
教研教改,福州大学关于公布2023级“数理金融实验班”学生名单的通知,"
2023-09-14
         ",../info/1037/12994.htm
教学运行,关于2023-2024学年第一学期重新学习选课、缴费的通知,"
2023-09-11
         ",../info/1036/12983.htm
教学运行,关于做好2023年参军退役学生转专业的通知,"
2023-09-08
         ",../info/1036/12981.htm
教学运行,关于9月7日开展线上教学的紧急通知,"
2023-09-06
         ",../info/1036/12977.htm
教学运行,关于受第11号台风“海葵”影响课程调整的通知,"
2023-09-06
         ",../info/1036/12973.htm
计划科,关于公布2023-2024学年第一学期通选课取消开课名单的通知,"
2023-09-05
         ",../info/1038/12962.htm
综合科,关于召开2023-2024学年秋季学期期初本科教育教学工作会议的通知,"
2023-09-01
         ",../info/1035/12955.htm
教研教改,关于公布参加2023级“数理综合班”选拔面试学生名单的通知,"
2023-08-30
         ",../info/1037/12953.htm
教研教改,关于公布参加2023级“嘉锡化学拔尖班”选拔面试学生名单的通知,"
2023-08-30
         ",../info/1037/12952.htm
计划科,关于2023级学生选修《大学信息技术基础》的通知,"
2023-08-30
         ",../info/1038/12951.htm
教研教改,关于公布参加2023级“数理金融实验班”选拔面试学生名单的通知,"
2023-08-29
         ",../info/1037/12942.htm
实践科,关于做好2022-2023学年度本科毕业论文（设计）抽检工作的通知,"
2023-08-29
         ",../info/1039/12939.htm
综合科,关于2023-2024学年第一学期本科生学生证和火车票优惠卡补办及火车票优惠卡更改区间的通知,"
2023-08-27
         ",../info/1035/12937.htm
教学运行,关于2023-2024第一学期辅修专业补退选、缴费的通知,"
2023-08-27
         ",../info/1036/12936.htm
质量办,关于开学第一周集中听课的通知,"
2023-08-27
         ",../info/1040/12935.htm
综合科,关于2023级福州大学本科生学生证信息采集的通知,"
2023-08-27
         ",../info/1035/12934.htm
教学运行,关于2023-2024第一学期学期选课补退选的通知,"
2023-08-26
         ",../info/1036/12933.htm
计划科,关于2023-2024学年第一学期港澳台侨学生思政课和军事课程退选替代的通知,"
2023-08-26
         ",../info/1038/12932.htm
计划科,关于2023-2024学年第一学期通识教育选修课选课的通知,"
2023-08-26
         ",../info/1038/12931.htm
教研教改,福州大学关于开展2023级“嘉锡化学拔尖班”招生工作的通知,"
2023-08-26
         ",../info/1037/12929.htm
教研教改,福州大学关于开展2023级“数理综合班”招生工作的通知,"
2023-08-26
         ",../info/1037/12927.htm
教研教改,福州大学关于开展2023级“数理金融实验班”招生工作的通知,"
2023-08-26
         ",../info/1037/12926.htm
实践科,福州大学关于公布2023年本科生开放探索性实验项目（课程）评选结果的通知,"
2023-08-23
         ",../info/1039/12923.htm
综合科,关于开展智慧教室使用培训工作的通知,"
2023-08-21
         ",../info/1035/12913.htm
实践科,关于转发《关于举办第十三届海峡两岸信息服务创新大赛暨福建省第十七届计算机软件设计大赛的通知》的通知,"
2023-08-21
         ",../info/1039/12912.htm
实践科,关于开展大学生校外实践教学基地检查评估的通知,"
2023-08-14
         ",../info/1039/12903.htm
质量办,关于举办福州大学第四十五场“教学有道”研讨活动的通知,"
2023-08-04
         ",../content.jsp?urltype=news.NewsContentUrl&wbtreeid=1040&wbnewsid=12893
综合科,关于本科教学管理系统及其相关业务系统暂停使用的通知,"
2023-08-02
         ",../info/1035/12892.htm
综合科,教务处关于2023年暑假用印安排的通知,"
2023-07-08
         ",../content.jsp?urltype=news.NewsContentUrl&wbtreeid=1035&wbnewsid=12884
实践科,关于公布福州大学2023届本科生优秀毕业设计（论文）名单的通知,"
2023-07-05
         ",../info/1039/12881.htm
综合科,关于召开2022-2023学年春季学期期末本科教育教学工作会议的通知,"
2023-07-03
         ",../info/1035/12874.htm
教学运行,关于做好期末复习考试及下学期开学等工作的通知,"
2023-06-30
         ",../info/1036/12870.htm
质量办,关于举办福州大学第四十四场“教学有道”研讨活动的通知,"
2023-06-30
         ",../info/1040/12868.htm
实践科,关于参加“2023高教社杯全国大学生数学建模竞赛”报名与集训的通知,"
2023-06-29
         ",../info/1039/12867.htm
质量办,关于开展2023年度教师本科教学综合测评工作的通知,"
2023-06-28
         ",../info/1040/12864.htm
计划科,关于核对2023-2024学年第一学期通识教育选修课开课信息的有关通知,"
2023-06-27
         ",../info/1038/12863.htm
实践科,关于公布2023年国家级、省级大学生创新创业训练计划推荐立项项目的通知,"
2023-06-26
         ",../info/1039/12862.htm
教学运行,关于2022-2023学年第二学期大学英语拓展课程期末考试安排的通知,"
2023-06-21
         ",../info/1036/12850.htm
教学运行,关于2022-2023学年第二学期《大学物理A（上）、B（上）、C》课程期末考试安排的通知,"
2023-06-21
         ",../info/1036/12848.htm
实践科,关于举办2023年福州大学大学生工程实践与创新能力大赛暨2023年福建省大学生工程实践与创新能力大赛福州大学分区赛的通知,"
2023-06-20
         ",../info/1039/12847.htm
实践科,关于公布第十四届企业经营模拟沙盘对抗赛获奖名单的通知,"
2023-06-20
         ",../info/1039/12846.htm
实践科,关于公布2023年大学生电子设计竞赛暨全国大学生电子设计竞赛选拔赛获奖名单的通知,"
2023-06-20
         ",../info/1039/12845.htm
实践科,关于公布第二十届程序设计竞赛获奖名单的通知,"
2023-06-20
         ",../info/1039/12844.htm
实践科,关于公布2023年第二十三届数学竞赛获奖名单的通知,"
2023-06-20
         ",../info/1039/12843.htm
教学运行,关于2023年端午节放假课程调整的通知,"
2023-06-19
         ",../info/1036/12842.htm
教学运行,关于2023-2024学年第一学期本科生学期选课的通知,"
2023-06-19
         ",../info/1036/12841.htm
质量办,关于举办福州大学第四十三场“教学有道”研讨活动的通知,"
2023-06-15
         ",../info/1040/12835.htm
教研教改,福州大学关于开展2023年省级一流本科课程申报推荐工作的通知,"
2023-06-14
         ",../info/1037/12832.htm
教研教改,福州大学关于公布2021级数理金融实验班学生主辅修专业及导师名单的通知,"
2023-06-13
         ",../info/1037/12830.htm
计划科,关于公布2023-2024学年第一学期修读辅修专业学生名单的通知,"
2023-06-12
         ",../info/1038/12829.htm
教学运行,关于2022-2023学年第二学期《大学英语（二）、（三）、（四）》课程期末考试安排的通知,"
2023-06-09
         ",../info/1036/12828.htm
教学运行,关于2022-2023学年第二学期《工程制图A（下）、C（下）、D、F》课程期末考试安排的通知,"
2023-06-09
         ",../info/1036/12827.htm
综合科,关于转发12306手机客户端提供学生优惠资质在线核验服务的通知,"
2023-06-07
         ",../info/1035/12821.htm
计划科,关于2023-2024学年第一学期修读辅修专业学生名单的公示,"
2023-06-05
         ",../info/1038/12808.htm
教学运行,关于2022-2023学年第二学期《概率论与数理统计》课程期末考试安排的通知,"
2023-06-01
         ",../info/1036/12807.htm
实践科,关于公布第二十九期本科生科研训练计划立项项目的通知,"
2023-05-31
         ",../info/1039/12805.htm
实践科,关于公布2023年本科生创新创业实践与素质拓展学分认定结果的通知,"
2023-05-30
         ",../info/1039/12804.htm
实践科,关于公布福州大学第九届桥梁设计大赛获奖名单的通知,"
2023-05-30
         ",../info/1039/12803.htm
实践科,关于公布福州大学第十三届大学生节能减排社会实践与科技竞赛暨第九届材料创新、设计及应用竞赛获奖名单的通知,"
2023-05-30
         ",../info/1039/12802.htm
实践科,关于公布福州大学第三届大学生先进成图技术与产品信息建模创新大赛获奖名单的通知,"
2023-05-30
         ",../info/1039/12801.htm
教学运行,关于2022-2023学年第二学期《思想道德与法治》课程期末考试安排的通知,"
2023-05-26
         ",../info/1036/12798.htm
教学运行,关于2022-2023学年第二学期《毛泽东思想和中国特色社会主义理论体系概论》课程期末考试安排的通知,"
2023-05-26
         ",../info/1036/12797.htm
教学运行,关于2022-2023学年第二学期《马克思主义基本原理》课程期末考试安排的通知,"
2023-05-26
         ",../info/1036/12796.htm
教学运行,关于2022-2023学年第二学期《高等数学A（中）、B（下）、C（下）》课程期末考试安排的通知,"
2023-05-26
         ",../info/1036/12794.htm
教学运行,关于2022-2023学年第二学期《线性代数》、《线性代数与解析几何》课程期末考试安排的通知,"
2023-05-24
         ",../info/1036/12783.htm
教研教改,福州大学关于开展第七届远志创业实验班招生工作的通知,"
2023-05-22
         ",../info/1037/12779.htm
质量办,关于举办福州大学第四十二场“教学有道”研讨活动的通知,"
2023-05-22
         ",../info/1040/12778.htm
综合科,关于2022-2023学年第二学期再次开放本科生学生证和火车票优惠卡补办及火车票优惠卡更改区间的通知,"
2023-05-22
         ",../info/1035/12776.htm
实践科,关于做好第二十七期、二十八期本科生科研训练计划项目结题工作的通知,"
2023-05-18
         ",../info/1039/12775.htm
实践科,关于做好国家、省级大学生创新创业训练计划项目结题工作的通知,"
2023-05-18
         ",../info/1039/12774.htm
教材中心,关于做好2023-2024学年第一学期教材选用及征订工作的通知,"
2023-05-18
         ",../info/1042/12773.htm
教学运行,关于2022-2023学年第二学期《近现代史纲要》课程期末考试安排的通知,"
2023-05-17
         ",../info/1036/12771.htm
教研教改,福州大学关于公布2021级数理综合班专业分流学生名单及学科导师名单的通知,"
2023-05-17
         ",../info/1037/12770.htm
实践科,关于公布福州大学第七届网络信息安全竞赛获奖名单的通知,"
2023-05-17
         ",../info/1039/12769.htm
质量办,关于举办福州大学第四十一场“教学有道”研讨活动的通知,"
2023-05-16
         ",../info/1040/12768.htm
教学运行,关于2024届预计毕业生核对电子注册学历信息的通知,"
2023-05-16
         ",../info/1036/12765.htm
计划科,关于组织申报2023-2024学年第一学期通识教育选修课的通知,"
2023-05-15
         ",../info/1038/12762.htm
教学运行,关于2022-2023学年第二学期计算机语言类课程期末考试安排的通知,"
2023-05-12
         ",../info/1036/12761.htm
质量办,关于举办福州大学第四十场“教学有道”研讨活动的通知,"
2023-05-12
         ",../info/1040/12760.htm
质量办,关于开展2023届本科毕业生座谈会的通知,"
2023-05-12
         ",../info/1040/12759.htm
实践科,关于公布福州大学第九届“汇仟杯”测量大赛获奖名单的通知,"
2023-05-08
         ",../info/1039/12750.htm
计划科,2022-2023学年第二学期在校学生申请辅修专业的通知,"
2023-05-08
         ",../info/1038/12749.htm
教研教改,福州大学关于开展2022-2023学年本科教学优秀奖评选工作的通知,"
2023-05-05
         ",../info/1037/12747.htm
质量办,关于举办福州大学第三十九场“教学有道”研讨活动的通知,"
2023-05-05
         ",../info/1040/12746.htm
实践科,关于组织申报2023年本科生开放探索性实验项目（课程）的通知,"
2023-05-05
         ",../info/1039/12745.htm
实践科,关于开展2023届本科毕业设计（论文）抽检送审工作的通知,"
2023-04-26
         ",../info/1039/12723.htm
实践科,关于对2023届本科毕业设计（论文）进行查重检测的通知,"
2023-04-26
         ",../info/1039/12722.htm
实践科,关于试用本科毕业设计（论文）管理模块的通知,"
2023-04-26
         ",../info/1039/12721.htm
教学运行,关于2022-2023学年第二学期《工程制图E》课程期末考试安排的通知,"
2023-04-25
         ",../info/1036/12718.htm
教学运行,关于2023届预计毕业生补拍电子注册学历照片的通知,"
2023-04-24
         ",../info/1036/12716.htm
实践科,关于举办福州大学第十七届数学建模竞赛暨2023年全国大学生数学建模竞赛集训队选拔的通知,"
2023-04-20
         ",../info/1039/12714.htm
教学运行,关于2023年五一节放假课程调整的通知,"
2023-04-19
         ",../info/1036/12712.htm
教学运行,关于2022-2023学年第二学期《大学物理》课程半期考试安排的通知,"
2023-04-19
         ",../info/1036/12711.htm
实践科,关于举办2023年福州大学第二十三届数学竞赛暨第十五届全国大学生数学竞赛选拔赛的通知,"
2023-04-17
         ",../info/1039/12702.htm
实践科,关于举办福州大学第十三届大学生节能减排社会实践与科技竞赛暨第九届材料创新、设计及应用竞赛的通知,"
2023-04-15
         ",../info/1039/12701.htm
实践科,关于举办福州大学第二十届程序设计竞赛暨校ACM/ICPC集训队选拔赛的通知,"
2023-04-14
         ",../info/1039/12695.htm
实践科,关于举办福州大学第七届网络信息安全竞赛的通知,"
2023-04-13
         ",../info/1039/12694.htm
实践科,关于组织开展第十六届中国大学生计算机设计大赛校内预选赛的通知,"
2023-04-07
         ",../info/1039/12673.htm
实践科,关于举办福州大学第三届大学生先进成图技术与产品信息建模创新大赛的通知,"
2023-04-07
         ",../info/1039/12672.htm
教学运行,关于2022-2023学年第二学期《高等数学》课程半期考试安排的通知,"
2023-04-07
         ",../info/1036/12671.htm
教学运行,关于2022-2023学年第二学期《线性代数》课程半期考试安排的通知,"
2023-04-06
         ",../info/1036/12667.htm
教学运行,关于2023年清明节放假课程调整的通知,"
2023-04-03
         ",../info/1036/12666.htm
实践科,关于举办福州大学第十四届企业经营模拟沙盘对抗赛的通知,"
2023-03-31
         ",../info/1039/12665.htm
实践科,关于开展2023年省级大学生学科专业竞赛项目申报工作的通知,"
2023-03-29
         ",../info/1039/12660.htm
质量办,关于正式启用福州大学课堂教学督导管理系统的通知,"
2023-03-27
         ",../info/1040/12657.htm
实践科,关于转发福建省教育厅《关于印发<福建省高校大学生学科专业竞赛管理办法（试行）>的通知》的通知,"
2023-03-27
         ",../info/1039/12656.htm
综合科,关于召开2022-2023学年春季学期期初本科教育教学工作会议的通知,"
2023-03-24
         ",../info/1035/12655.htm
教材中心,2023年第二届福建省高校教材联合巡展（福州大学）活动通知,"
2023-03-23
         ",../info/1042/12654.htm
教学运行,关于做好2023年3月参军退役复学学生转专业工作的通知,"
2023-03-22
         ",../info/1036/12650.htm
计划科,关于2022-2023学年第二学期爱课程平台参加通识教育选修课学习的重要提示,"
2023-03-21
         ",../info/1038/12649.htm
教学运行,关于做好2023-2024学年第一学期排课准备工作的通知,"
2023-03-21
         ",../info/1036/12648.htm
实践科,关于举办2023年福州大学大学生电子设计竞赛暨全国大学生电子设计竞赛选拔赛的通知,"
2023-03-17
         ",../info/1039/12646.htm
质量办,关于上报2023年各学院本科教育教学质量保障工作计划的通知,"
2023-03-17
         ",../info/1040/12645.htm
综合科,教务处关于暂停对外办公的通知,"
2023-03-15
         ",../info/1035/12641.htm
实践科,关于举办福州大学第九届“汇仟杯”测量大赛的通知,"
2023-03-14
         ",../info/1039/12633.htm
实践科,关于举办福州大学第十二届大学生软件设计与服务外包创新创业竞赛的通知,"
2023-03-14
         ",../info/1039/12632.htm
计划科,关于通识选修课《爱课程：美化嗓音 轻松讲课》开课的友情提示 ,"
2023-03-13
         ",../info/1038/12631.htm
实践科,关于做好第二十九期本科生科研训练计划项目立项工作的通知,"
2023-03-10
         ",../info/1039/12622.htm
教学运行,关于2022-2023学年第二学期重新学习选课、缴费的通知,"
2023-03-07
         ",../info/1036/12619.htm
实践科,关于上报2023年各学院新时代劳动教育实施计划的通知,"
2023-03-03
         ",../info/1039/12614.htm
实践科,关于福州大学参加2023年第九届全国大学生统计建模大赛的通知,"
2023-03-03
         ",../info/1039/12613.htm
实践科,关于组织参加2023年美国大学生数学建模春季MCM/ICM赛的通知,"
2023-03-01
         ",../info/1039/12601.htm
计划科,关于公布2022-2023学年第二学期通选课取消开课名单的通知,"
2023-02-27
         ",../info/1038/12592.htm
综合科,关于2022-2023学年第二学期本科生学生证和火车票优惠卡补办及火车票优惠卡更改区间的通知,"
2023-02-21
         ",../info/1035/12568.htm
教学运行,关于2023届预计毕业生校对电子注册学历照片的通知,"
2023-02-21
         ",../info/1036/12567.htm
实践科,关于组织参加第十四届全国周培源大学生力学竞赛的通知,"
2023-02-21
         ",../info/1039/12566.htm
实践科,关于2023届本科毕业生创新创业实践与素质拓展学分认定工作的通知,"
2023-02-20
         ",../info/1039/12565.htm
教学运行,关于2022-2023第二学期辅修专业补退选、缴费的通知,"
2023-02-20
         ",../info/1036/12564.htm
实践科,关于对2022年学院教学有关数据进行统计的通知,"
2023-02-19
         ",../info/1039/12563.htm
质量办,关于开学第一周集中听课的通知,"
2023-02-19
         ",../info/1040/12562.htm
教学运行,关于2022-2023第二学期学期选课补退选的通知,"
2023-02-19
         ",../info/1036/12561.htm
计划科,关于报名参加2022-2023学年第二学期国情教育网络培训的通知,"
2023-02-18
         ",../info/1038/12555.htm
计划科,关于2022-2023学年第二学期港澳台侨学生思政课和军事课程退选替代的通知,"
2023-02-17
         ",../info/1038/12553.htm
计划科,关于2022-2023学年第二学期通识教育选修课选课的通知,"
2023-02-17
         ",../info/1038/12552.htm
实践科,关于常态化本科生实习教学工作的通知,"
2023-02-14
         ",../info/1039/12551.htm
教学运行,2023年春季学期开学教学工作安排,"
2023-02-03
         ",../info/1036/12542.htm
教学运行,关于2023年春季学期《大学物理实验》绪论课程教室安排的通知,"
2023-01-11
         ",../info/1036/12532.htm
综合科,教务处关于2023年寒假用印安排的通知,"
2023-01-09
         ",../info/1035/12531.htm
计划科,关于核对2022-2023学年第二学期通识教育选修课开课信息的有关通知,"
2023-01-04
         ",../info/1038/12522.htm
教学运行,关于2022-2023学年第二学期辅修专业选课的通知,"
2023-01-04
         ",../info/1036/12521.htm
教学运行,关于2022-2023学年第一学期《高等数学A（上）、B（上）、C（上）、D》课程期末线上考试安排的通知,"
2023-01-02
         ",../info/1036/12511.htm
教学运行,关于2022-2023学年第一学期《概率论与数理统计》课程期末线上考试安排的通知,"
2022-12-29
         ",../info/1036/12501.htm
实践科,关于举办第十三届全国大学生电子商务“三创赛”福州大学校赛的通知,"
2022-12-27
         ",../info/1039/12496.htm
实践科,关于做好2023届本科生毕业设计（论文）工作的通知,"
2022-12-27
         ",../info/1039/12495.htm
教学运行,关于2022-2023学年第一学期《线性代数》、《线性代数与解析几何》课程期末线上考试安排的通知,"
2022-12-26
         ",../info/1036/12492.htm
教学运行,关于元旦期间教学安排的通知,"
2022-12-26
         ",../info/1036/12491.htm
教材中心,关于开展2023年本科教材审核工作的通知,"
2022-12-26
         ",../info/1042/13541.htm
实践科,关于组织参加2023年美国大学生数学建模竞赛的通知,"
2022-12-19
         ",../info/1039/12481.htm
教学运行,关于2022-2023学年第二学期本科生学期选课的通知,"
2022-12-16
         ",../info/1036/12476.htm
综合科,关于召开2022-2023学年秋季学期期末本科教育教学工作会议的通知,"
2022-12-15
         ",../info/1035/12475.htm
综合科,关于评选2022年优秀教学管理人员的通知,"
2022-12-15
         ",../content.jsp?urltype=news.NewsContentUrl&wbtreeid=1035&wbnewsid=12474
教学运行,2022年秋季学期期末教学工作安排,"
2022-12-14
         ",../info/1036/12472.htm
教学运行,关于2022-2023学年第一学期《工程制图A（上）、C（上）、D、F》课程期末考试安排的通知,"
2022-12-09
         ",../info/1036/12463.htm
实践科,关于做好2022年省级（含）以上大学生创新创业训练计划项目和第二十八期本科生科研训练计划项目中期检查工作的通知,"
2022-12-08
         ",../info/1039/12462.htm
教学运行,关于2022级期末相关教学安排的通知,"
2022-12-08
         ",../info/1036/12461.htm
教学运行,关于2022-2023学年第一学期《习近平新时代中国特色社会主义思想概论》课程期末考试安排的通知,"
2022-12-06
         ",../info/1036/12454.htm
教学运行,关于2022-2023学年第一学期《马克思主义基本原理》课程期末考试安排的通知,"
2022-12-06
         ",../info/1036/12453.htm
实践科,关于公布第六届网络信息安全竞赛获奖名单的通知,"
2022-12-05
         ",../info/1039/12452.htm
教学运行,关于部分教室改造的调课通知,"
2022-12-02
         ",../info/1036/12441.htm
实践科,关于本学期期末课程教学和实习安排的通知,"
2022-12-02
         ",../info/1039/12435.htm
实践科,关于举办福州大学第九届桥梁设计大赛的通知,"
2022-11-30
         ",../info/1039/12432.htm
计划科,关于2022-2023学年第二学期修读辅修专业学生名单的公示,"
2022-11-28
         ",../info/1038/12421.htm
教研教改,福州大学关于收集线上课程资源需求的通知,"
2022-11-24
         ",../info/1037/12416.htm
教学运行,关于2022-2023学年第一学期《高等数学A（下）》课程期末考试安排的通知,"
2022-11-24
         ",../info/1036/12415.htm
教学运行,关于2022-2023学年第一学期计算机语言类课程期末考试安排的通知,"
2022-11-24
         ",../info/1036/12414.htm
教学运行,关于2022-2023学年第一学期《中国近现代史纲要》课程期末考试安排的通知,"
2022-11-23
         ",../info/1036/12412.htm
教学运行,关于加强我校本科生转专业面试、笔试监督工作的通知,"
2022-11-23
         ",../info/1036/12402.htm
教材中心,关于做好2022-2023学年第二学期教材选用及征订工作的通知,"
2022-11-22
         ",../info/1042/12401.htm
教学运行,关于2022-2023学年第一学期《工程制图E》、《画法几何》课程期末考试安排的通知,"
2022-11-19
         ",../info/1036/12397.htm
实践科,关于公布第十六届本科生数学建模竞赛获奖名单的通知,"
2022-11-18
         ",../info/1039/12396.htm
教学运行,关于2022-2023学年第一学期《概率论与数理统计》课程半期考试安排的通知,"
2022-11-16
         ",../info/1036/12393.htm
教学运行,关于2022-2023学年第一学期《高等数学A（上）、B（上）、C（上）、D》课程半期考试安排的通知,"
2022-11-16
         ",../info/1036/12392.htm
教学运行,关于做好2023届预计毕业生电子注册图像采集工作的通知,"
2022-11-15
         ",../info/1036/12391.htm
实践科,关于公布第十四届蓝桥杯全国软件和信息技术专业人才大赛福州大学选拔赛获省赛参赛资格名单的通知,"
2022-11-11
         ",../info/1039/12381.htm
计划科,关于组织申报2022-2023学年第二学期通识教育选修课的通知,"
2022-11-08
         ",../info/1038/12371.htm
教学运行,关于公布2022-2023学年各学院转专业实施细则的通知,"
2022-11-07
         ",../info/1036/12362.htm
教研教改,关于举办虚拟教研室建设之课程知识图谱构建专家辅导会暨福州大学第三十八场“教学有道”研讨活动的通知,"
2022-11-03
         ",../info/1037/12355.htm
综合科,关于2022-2023学年第一学期本科生学生证和火车票优惠卡补办及火车票优惠卡更改区间的通知,"
2022-11-03
         ",../info/1035/12354.htm
计划科,关于2022-2023学年第一学期在校学生申请辅修专业的通知,"
2022-11-01
         ",../info/1038/12351.htm
质量办,关于2022年新上岗教师教学达标培训班教师配备导师的通知,"
2022-10-26
         ",../info/1040/12341.htm
教学运行,关于做好2022学年本科生转专业工作的通知,"
2022-10-20
         ",../info/1036/12325.htm
计划科,关于铜盘校区学生往返旗山校区实验实习教学活动用车安排的通知（2022-2023学年第一学期第八周）,"
2022-10-12
         ",../info/1038/12309.htm
实践科,关于举办第十四届蓝桥杯全国软件和信息技术专业人才大赛福州大学选拔赛的通知,"
2022-10-10
         ",../info/1039/12302.htm
教学运行,关于组织2022级新生开展学籍信息自查工作的通知,"
2022-10-10
         ",../info/1036/12301.htm
计划科,关于铜盘校区学生往返旗山校区实验实习教学活动用车安排的通知（2022-2023学年第一学期第七周）,"
2022-10-06
         ",../info/1038/12296.htm
实践科,关于公布省级以上大学生创新创业训练计划项目结题成绩的通知,"
2022-10-05
         ",../info/1039/12287.htm
实践科,关于公布第二十六、二十七期本科生科研训练计划项目结题成绩的通知,"
2022-10-05
         ",../info/1039/12286.htm
质量办,关于举办福州大学第三十七场“教学有道”研讨活动暨2022年教师教学创新大赛培训会的通知,"
2022-10-04
         ",../info/1040/12283.htm
质量办,福州大学关于2022年各类课程教学资料专项检查具体安排的通知,"
2022-10-04
         ",../info/1040/12281.htm
教研教改,关于转发福建省新工科教育联盟《关于开展新工科教育专家库建设、优秀教学案例征集、实践平台共建共享工作的通知》的通知,"
2022-09-29
         ",../info/1037/12263.htm
计划科,关于铜盘校区学生往返旗山校区实验实习教学活动用车安排的通知（2022-2023学年第一学期第六周）,"
2022-09-29
         ",../info/1038/12262.htm
教研教改,转发福建省高校课程思政教育联盟《关于开展课程思政专家库建设及优秀教学案例征集工作的通知》的通知,"
2022-09-28
         ",../info/1037/12261.htm
实践科,关于2022年高校教学基本状态数据库教学相关数据报送的通知,"
2022-09-23
         ",../info/1039/12246.htm
实践科,关于报送课程教学资料、本科生毕业设计（论文）、实习、实验与课程设计质量专项检查自查材料的通知,"
2022-09-23
         ",../info/1039/12245.htm
教学运行,关于2022年国庆节放假课程调整的通知,"
2022-09-23
         ",../info/1036/12244.htm
计划科,关于铜盘校区学生往返旗山校区实验实习教学活动用车安排的通知（2022-2023学年第一学期第五周）,"
2022-09-21
         ",../info/1038/12243.htm
质量办,关于组织报名参加全国高校教师教学创新大赛备赛实战与案例解析专题培训会的通知,"
2022-09-21
         ",../info/1040/12242.htm
教学运行,关于做好2022-2023学年第二学期排课准备工作的通知,"
2022-09-21
         ",../info/1036/12241.htm
综合科,关于召开2022-2023学年秋季学期期初本科教学工作会议的通知,"
2022-09-20
         ",../info/1035/12238.htm
计划科,关于通识选修课《爱课程：美化嗓音 轻松讲课》线下见面课的友情提示,"
2022-09-16
         ",../info/1038/12223.htm
教学运行,关于做好2022年参军退役复学学生转专业工作的通知,"
2022-09-15
         ",../info/1036/12222.htm
计划科,关于铜盘校区学生往返旗山校区实验实习教学活动用车安排的通知（2022-2023学年第一学期第四周）,"
2022-09-15
         ",../info/1038/12221.htm
计划科,关于在爱课程平台参加通识选修课学习的重要提示,"
2022-09-14
         ",../info/1038/12213.htm
教材中心,关于召开教材建设研讨会的通知,"
2022-09-13
         ",../info/1042/12212.htm
教学运行,关于2022-2023学年第一学期重新学习选课的通知,"
2022-09-13
         ",../info/1036/12211.htm
教学运行,关于2021级体育理论教室安排表的通知,"
2022-09-08
         ",../info/1036/12201.htm
计划科,关于铜盘校区学生往返旗山校区实验实习教学活动用车安排的通知（2022-2023学年第一学期第三周）,"
2022-09-07
         ",../info/1038/12200.htm
教学运行,关于2022年中秋节放假课程调整的通知,"
2022-09-06
         ",../info/1036/12193.htm
计划科,关于公布2022-2023学年第一学期通选课取消开课名单的通知,"
2022-09-05
         ",../info/1038/12191.htm
实践科,关于做好本科毕业论文（设计）抽检信息平台和专家库建设工作通知,"
2022-09-05
         ",../info/1039/12181.htm
计划科,关于报名参加2022-2023学年第一学期国情教育网络培训的通知,"
2022-09-02
         ",../info/1038/12174.htm
教学运行,关于2022级体育理论教室安排表的通知,"
2022-09-02
         ",../info/1036/12172.htm
实践科,关于试点使用“全国大学生实习公共服务平台”的通知,"
2022-09-02
         ",../info/1039/12169.htm
质量办,关于开展福州大学2022年教师教学创新大赛的通知,"
2022-09-01
         ",../info/1040/12168.htm
教研教改,关于公布参加2022级“嘉锡化学拔尖班”选拔面试学生名单的通知,"
2022-08-31
         ",../info/1037/12167.htm
教研教改,关于公布参加2022级“数理综合班”选拔面试学生名单的通知,"
2022-08-31
         ",../info/1037/12166.htm
教研教改,关于公布参加2022级“数理金融实验班”选拔面试学生名单的通知,"
2022-08-31
         ",../info/1037/12165.htm
质量办,关于开学第一周集中听课的通知,"
2022-08-28
         ",../info/1040/12145.htm
综合科,关于2022-2023学年第一学期本科生学生证和火车票优惠卡补办及火车票优惠卡更改区间的通知,"
2022-08-28
         ",../info/1035/12144.htm
综合科,关于2022级福州大学本科生学生证信息采集的通知,"
2022-08-28
         ",../info/1035/12143.htm
质量办,关于开展2023年工程教育专业认证申请工作的通知,"
2022-08-28
         ",../info/1040/12142.htm
教学运行,关于2022-2023第一学期学期选课、辅修选课补退选的通知,"
2022-08-28
         ",../info/1036/12141.htm
教研教改,福州大学关于开展2022级“嘉锡化学拔尖班”招生工作的通知,"
2022-08-26
         ",../info/1037/12137.htm
教研教改,福州大学关于开展2022级“数理综合班” 招生工作的通知,"
2022-08-26
         ",../info/1037/12136.htm
教研教改,福州大学关于开展2022级“数理金融 实验班”招生工作的通知,"
2022-08-26
         ",../info/1037/12135.htm
计划科,关于2022级学生选修《大学信息技术基础》的通知,"
2022-08-24
         ",../info/1038/12124.htm
计划科,关于2022-2023学年第一学期港澳台侨学生思政课和军事课程退选替代的通知,"
2022-08-24
         ",../info/1038/12123.htm
计划科,关于2022-2023学年第一学期通识教育选修课选课的通知,"
2022-08-24
         ",../info/1038/12122.htm
实践科,关于公布第八届材料创新、设计及应用大赛获奖名单的通知,"
2022-07-09
         ",../info/1039/12110.htm
实践科,关于公布第十九届程序设计竞赛获奖名单的通知,"
2022-07-09
         ",../info/1039/12109.htm
实践科,关于公布第十二届大学生节能减排社会实践与科技竞赛获奖名单的通知,"
2022-07-09
         ",../info/1039/12108.htm
实践科,关于公布第八届大学生用户体验设计大赛获奖名单的通知,"
2022-07-09
         ",../info/1039/12107.htm
实践科,关于公布第二十二届数学竞赛获奖名单的通知,"
2022-07-09
         ",../info/1039/12106.htm
实践科,关于公布第十一届大学生软件设计与服务外包创新创业竞赛获奖名单的通知,"
2022-07-09
         ",../info/1039/12105.htm
实践科,关于公布福州大学2022届本科生优秀毕业设计（论文）名单的通知,"
2022-07-09
         ",../info/1039/12104.htm
综合科,教务处关于2022年暑假工作安排的通知,"
2022-07-09
         ",../content.jsp?urltype=news.NewsContentUrl&wbtreeid=1035&wbnewsid=12102
实践科,关于举办2022年福州大学大学生工程实践与创新能力大赛的通知,"
2022-07-08
         ",../info/1039/12101.htm
教学运行,关于2022届本科毕业生第三批毕业数据报送等相关工作的通知,"
2022-07-08
         ",../info/1036/12100.htm
综合科,关于组织参加2022年全省本科教育管理人员视频培训班的通知,"
2022-07-05
         ",../info/1035/12097.htm
教学运行,关于2022-2023学年第一学期辅修专业选课的通知,"
2022-07-04
         ",../info/1036/12096.htm
质量办,关于进一步加强校院两级本科教学督导工作的若干要求,"
2022-07-04
         ",../info/1040/12095.htm
综合科,关于召开2021-2022学年春季学期期末本科教学工作会议的通知,"
2022-07-01
         ",../info/1035/12094.htm
教学运行,关于做好期末复习考试及下学期开学等工作的通知,"
2022-06-30
         ",../info/1036/12092.htm
计划科,关于核对2022-2023学年第一学期通识教育选修课开课信息的有关通知,"
2022-06-29
         ",../info/1038/12091.htm
教研教改,福州大学关于公布第六届远志创业实验班学生名单的通知,"
2022-06-24
         ",../info/1037/12088.htm
实践科,关于公布2022年大学生劳动教育实践基地立项项目的通知,"
2022-06-23
         ",../info/1039/12086.htm
教研教改,关于举办福州大学一流课程建设培训会的通知,"
2022-06-23
         ",../info/1037/12085.htm
计划科,关于铜盘校区学生往返旗山校区实验实习教学活动用车安排的通知（2021-2022学年第二学期第十九周）,"
2022-06-23
         ",../info/1038/12082.htm
教学运行,关于2022-2023学年第一学期本科生学期选课的通知,"
2022-06-17
         ",../info/1036/12078.htm
教学运行,关于2021-2022学年第二学期《大学物理A（上）、B（上）、C》课程期末考试安排的通知,"
2022-06-17
         ",../info/1036/12076.htm
教学运行,关于2021-2022学年第二学期《工程制图A（下）、C（下）、D、F》课程期末考试安排的通知,"
2022-06-17
         ",../info/1036/12074.htm
教学运行,关于2021-2022学年第二学期大学英语拓展课程期末考试安排的通知,"
2022-06-17
         ",../info/1036/12073.htm
计划科,关于铜盘校区学生往返旗山校区实验实习教学活动用车安排的通知（2021-2022学年第二学期第十八周）,"
2022-06-16
         ",../info/1038/12069.htm
教学运行,关于2021-2022学年第二学期《大学英语（二）、（三）、（四）》课程期末考试安排的通知,"
2022-06-15
         ",../info/1036/12068.htm
计划科,关于铜盘校区学生往返旗山校区实验实习教学活动用车安排的通知（2021-2022学年第二学期第十七周）,"
2022-06-09
         ",../info/1038/12064.htm
实践科,关于公布第二十八期本科生科研训练计划立项项目的通知,"
2022-06-09
         ",../info/1039/12063.htm
实践科,关于公布福州大学第八届桥梁设计大赛获奖名单的通知,"
2022-06-09
         ",../info/1039/12062.htm
质量办,福州大学关于印发《福州大学本科专业预警及动态调整管理实施办法（试行）》的通知,"
2022-06-08
         ",../info/1040/12061.htm
教研教改,关于举办福州大学第三十五场“教学有道”研讨活动暨虚拟教研室建设推进会的通知,"
2022-06-08
         ",../info/1037/12056.htm
实践科,关于2022届本科生毕业设计（论文）推优工作的通知,"
2022-06-06
         ",../info/1039/12055.htm
教材中心,关于开展福州大学2022年本科规划教材立项工作的通知,"
2022-06-02
         ",../info/1042/12052.htm
计划科,关于铜盘校区学生往返旗山校区实验实习教学活动用车安排的通知（2021-2022学年第二学期第十六周）,"
2022-06-02
         ",../info/1038/12050.htm
教研教改,福州大学关于公布2020级数理金融实验班学生主辅修专业及导师名单的通知,"
2022-05-31
         ",../info/1037/12049.htm
质量办,关于开展2022年度教师本科教学综合测评工作的通知,"
2022-05-31
         ",../info/1040/12048.htm
教学运行,关于2022年端午节放假课程调整的通知,"
2022-05-31
         ",../info/1036/12047.htm
教学运行,关于2021-2022学年第二学期《马克思主义基本原理》、《毛泽东思想和中国特色社会主义理论体系概论（下）》、《中国近现代史纲要》、《思想道德修养与法律基础》课程期末考试安排的通知,"
2022-05-31
         ",../info/1036/12046.htm
教研教改,福州大学关于公布2020级数理综合班专业分流学生名单及学科导师名单的通知,"
2022-05-31
         ",../info/1037/12044.htm
教学运行,关于2021-2022学年第二学期《高等数学A（中）》、《高等数学C（下）》课程期末考试安排的通知,"
2022-05-30
         ",../info/1036/12043.htm
教学运行,关于2021-2022学年第二学期《高等数学B（下）》课程期末考试安排的通知,"
2022-05-30
         ",../info/1036/12042.htm
计划科,关于报名参加2021-2022学年第二学期国情教育网络培训的通知,"
2022-05-30
         ",../info/1038/12041.htm
计划科,关于铜盘校区学生往返旗山校区实验实习教学活动用车安排的通知（2021-2022学年第二学期第十五周）,"
2022-05-26
         ",../info/1038/12031.htm
实践科,关于公布2022年本科生创新创业实践与素质拓展学分认定结果的通知,"
2022-05-24
         ",../info/1039/12022.htm
综合科,关于2021学年再次启用火车票自助取票机的通知,"
2022-05-23
         ",../info/1035/12021.htm
实践科,关于公布第十三届企业经营模拟沙盘对抗赛获奖名单的通知,"
2022-05-23
         ",../info/1039/12019.htm
实践科,关于公布第二届大学生先进成图技术与产品信息建模创新大赛获奖名单的通知,"
2022-05-23
         ",../info/1039/12018.htm
教材中心,关于做好2022-2023学年第一学期教材选用及征订工作的通知,"
2022-05-23
         ",../info/1042/12016.htm
计划科,关于铜盘校区学生往返旗山校区实验实习教学活动用车安排的通知（2021-2022学年第二学期第十四周）,"
2022-05-20
         ",../info/1038/12014.htm
实践科,关于2022届本科毕业设计（论文）抽检送审工作的补充规定,"
2022-05-17
         ",../info/1039/12012.htm
教学运行,关于2021-2022学年第二学期计算机语言课程期末考试安排的通知,"
2022-05-16
         ",../info/1036/12008.htm
教学运行,关于2021-2022学年第二学期《线性代数》、《线性代数与解析几何》课期末考试安排的通知,"
2022-05-16
         ",../info/1036/12007.htm
教学运行,关于2021-2022学年第二学期《概率论与数理统计》课程期末考试安排的通知,"
2022-05-16
         ",../info/1036/12006.htm
教学运行,关于2023届预计毕业生核对电子注册学历信息的通知,"
2022-05-16
         ",../info/1036/12005.htm
质量办,关于举办福州大学第三十四场“教学有道”研讨活动的通知,"
2022-05-11
         ",../info/1040/12001.htm
教研教改,福州大学关于开展第六届远志创业实验班招生工作的通知,"
2022-05-11
         ",../info/1037/12000.htm
综合科,关于2021-2022学年第二学期本科生学生证和火车票优惠卡补办及火车票优惠卡更改区间的通知,"
2022-05-10
         ",../info/1035/11997.htm
计划科,2021-2022学年第二学期在校学生申请辅修专业的通知,"
2022-05-09
         ",../info/1038/11996.htm
质量办,关于开展2022年工程教育认证线上培训的通知,"
2022-05-09
         ",../info/1040/11994.htm
质量办,关于开展2022届本科毕业生在校学习体验调研的通知,"
2022-05-06
         ",../info/1040/11992.htm
教学运行,关于2022届预计毕业生补拍电子注册学历照片的通知,"
2022-05-06
         ",../info/1036/11991.htm
实践科,关于做好第二十六期、二十七期本科生科研训练计划项目结题工作的通知,"
2022-05-05
         ",../info/1039/11988.htm
实践科,关于做好国家、省级大学生创新创业训练计划项目结题工作的通知,"
2022-05-05
         ",../info/1039/11987.htm
实践科,关于开展大学生劳动教育优秀案例征集评选活动的通知,"
2022-05-04
         ",../info/1039/11986.htm
教研教改,关于开展福州大学2021年一流本科课程建设项目进度检查的通知,"
2022-05-04
         ",../info/1037/11985.htm
实践科,关于对2022届本科毕业设计（论文）进行查重检测的通知,"
2022-04-29
         ",../info/1039/11977.htm
实践科,关于开展2022届本科毕业设计（论文）抽检送审工作的通知,"
2022-04-28
         ",../info/1039/11970.htm
实践科,关于2022年全国大学生统计建模大赛参赛报名的通知,"
2022-04-28
         ",../info/1039/11969.htm
计划科,关于组织申报2022-2023学年第一学期通识教育选修课的通知,"
2022-04-26
         ",../info/1038/11957.htm
教学运行,关于2021-2022学年第二学期《工程制图E》课程期末考试安排的通知,"
2022-04-26
         ",../info/1036/11956.htm
质量办,关于举办福州大学第三十三场“教学有道”研讨活动的通知,"
2022-04-22
         ",../info/1040/11954.htm
教研教改,关于组织申报教育部2022年产学合作协同育人项目的通知,"
2022-04-21
         ",../info/1037/11950.htm
教学运行,关于2022年“五一”劳动节放假课程调整的通知,"
2022-04-21
         ",../info/1036/11946.htm
质量办,关于期中党政领导集中听课的通知,"
2022-04-21
         ",../info/1040/11941.htm
实践科,关于近期常态化疫情防控期间本科生实习要求的通知,"
2022-04-19
         ",../info/1039/11940.htm
实践科,关于组织申报2022年大学生劳动教育实践基地的通知,"
2022-04-19
         ",../info/1039/11939.htm
实践科,关于举办福州大学第十一届大学生软件设计与服务外包创新创业竞赛的通知,"
2022-04-18
         ",../info/1039/11938.htm
实践科,关于举办福州大学第十九届程序设计竞赛暨校ACM/ICPC集训队选拔赛的通知,"
2022-04-15
         ",../info/1039/11937.htm
实践科,关于举办福州大学第八届大学生用户体验设计大赛的通知,"
2022-04-13
         ",../info/1039/11936.htm
实践科,关于公布第二十六、二十七期本科生科研训练计划项目结题成绩的通知,"
2022-04-12
         ",../info/1039/11934.htm
实践科,关于公布省级以上大学生创新创业训练计划项目结题成绩的通知,"
2022-04-12
         ",../info/1039/11933.htm
教研教改,福州大学关于开展2021-2022学年本科教学优秀奖评选工作的通知,"
2022-04-11
         ",../info/1037/11932.htm
教学运行,关于从4月11日起恢复本科线下教学活动相关要求的通知,"
2022-04-08
         ",../info/1036/11925.htm
质量办,诚邀2017届毕业生参与培养目标达成和职业发展问卷调研,"
2022-04-06
         ",../info/1040/11924.htm
实践科,关于组织开展2022（第15届）中国大学生计算机设计大赛校内预选赛的通知,"
2022-04-04
         ",../info/1039/11923.htm
实践科,关于举办福州大学第十二届大学生节能减排社会实践与科技竞赛的通知,"
2022-04-04
         ",../info/1039/11922.htm
实践科,关于举办福州大学第八届材料创新、设计及应用大赛的通知,"
2022-04-04
         ",../info/1039/11921.htm
实践科,关于举办福建省首届大学生材料综合竞赛的通知,"
2022-03-30
         ",../info/1039/11916.htm
实践科,关于做好第二十八期本科生科研训练计划项目立项工作的通知,"
2022-03-29
         ",../info/1039/11915.htm
教学运行,关于2022年清明节放假课程调整的通知,"
2022-03-29
         ",../info/1036/11914.htm
实践科,关于举办福州大学第十六届本科生数学建模竞赛的通知,"
2022-03-29
         ",../info/1039/11913.htm
质量办,关于举办福州大学第三十二场“教学有道”研讨活动的通知,"
2022-03-24
         ",../info/1040/11905.htm
教学运行,关于做好2022-2023学年第一学期排课准备工作的通知,"
2022-03-23
         ",../info/1036/11904.htm
教研教改,福州大学关于开展课程思政示范项目建设工作的通知,"
2022-03-21
         ",../info/1037/11899.htm
实践科,关于举办福州大学第二届大学生先进成图技术与产品信息建模创新大赛的通知,"
2022-03-21
         ",../info/1039/11898.htm
实践科,关于2022届本科毕业生创新创业实践与素质拓展学分认定工作的通知,"
2022-03-21
         ",../info/1039/11897.htm
综合科,福州大学关于全面开展线上教育教学的倡议书,"
2022-03-20
         ",../info/1035/11896.htm
教学运行,关于全面启动线上教学的紧急通知,"
2022-03-20
         ",../info/1036/11895.htm
实践科,关于举办2022年福州大学第二十二届数学竞赛暨第十四届全国大学生数学竞赛选拔赛的通知,"
2022-03-17
         ",../info/1039/11893.htm
质量办,关于开展2021年第十九期新上岗教师课堂授课达标考核的通知,"
2022-03-17
         ",../info/1040/11891.htm
实践科,关于进一步加强疫情防控期间本科生实习要求的通知,"
2022-03-14
         ",../info/1039/11888.htm
计划科,关于通识选修课《爱课程：美化嗓音 轻松讲课》开课的友情提示 ,"
2022-03-14
         ",../info/1038/11887.htm
教学运行,关于疫情防控阶段本科日常教学工作的通知,"
2022-03-13
         ",../info/1036/11886.htm
质量办,关于做好2021年课程考核专项检查整改工作的通知,"
2022-03-10
         ",../info/1040/11884.htm
教学运行,关于2021-2022学年第二学期重修选课的通知,"
2022-03-08
         ",../info/1036/11883.htm
实践科,关于举办福州大学第六届网络信息安全竞赛的通知,"
2022-03-04
         ",../info/1039/11877.htm
计划科,关于公布2021-2022学年第二学期通选课取消开课名单的通知,"
2022-02-28
         ",../info/1038/11876.htm
实践科,关于举办福州大学第十三届企业经营模拟沙盘对抗赛的通知,"
2022-02-24
         ",../info/1039/11872.htm
实践科,关于对2021年学院教学有关数据进行统计的通知,"
2022-02-24
         ",../info/1039/11871.htm
综合科,关于组织参加教育部高教司2022年全国高教处长视频会议的通知,"
2022-02-22
         ",../info/1035/11863.htm
质量办,关于开学第一周集中听课的通知,"
2022-02-22
         ",../info/1040/11861.htm
教学运行,关于2022届预计毕业生核对电子注册学历照片的通知,"
2022-02-21
         ",../info/1036/11859.htm
教学运行,关于2022年春季学期公共教学楼教室实行错峰下课的通知,"
2022-02-20
         ",../info/1036/11857.htm
计划科,关于规范铜盘校区学生往返旗山校区进行实验实习教学活动用车的通知,"
2022-02-20
         ",../info/1038/11856.htm
计划科,关于2021-2022学年第二学期港澳台侨学生思政课和军事课程退选替代的通知,"
2022-02-18
         ",../info/1038/11855.htm
计划科,关于2021-2022学年第二学期通识教育选修课选课的通知,"
2022-02-18
         ",../info/1038/11854.htm
教学运行,关于2021-2022第二学期学期选课、辅修选课补退选的通知,"
2022-02-18
         ",../info/1036/11852.htm
实践科,关于印发本科生创新创业实践与素质拓展学分认定管理实施办法的通知,"
2022-01-11
         ",../info/1039/11841.htm
综合科,教务处关于2022年寒假用印安排的通知,"
2022-01-11
         ",../content.jsp?urltype=news.NewsContentUrl&wbtreeid=1035&wbnewsid=11837
实践科,关于公布大学生学科竞赛项目级别认定结果的通知,"
2022-01-10
         ",../info/1039/11833.htm
教学运行,关于2021-2022学年第二学期《大学物理实验》课程安排的通知,"
2022-01-10
         ",../info/1036/11832.htm
实践科,关于第十二届全国大学生电子商务“三创赛”福州大学校赛比赛的通知,"
2022-01-06
         ",../info/1039/11822.htm
实践科,关于举办福州大学第八届桥梁设计大赛的通知,"
2022-01-04
         ",../info/1039/11820.htm
教学运行,关于做好期末复习考试及下学期开学等工作的通知,"
2022-01-04
         ",../info/1036/11819.htm
教学运行,关于2021-2022学年第二学期辅修专业选课的通知,"
2022-01-04
         ",../info/1036/11818.htm
综合科,关于启用火车票自助取票机的通知,"
2021-12-31
         ",../info/1035/11816.htm
计划科,关于核对2021-2022学年第二学期通识教育选修课开课信息的有关通知,"
2021-12-31
         ",../info/1038/11792.htm
教学运行,关于2022年元旦放假课程调整的通知,"
2021-12-29
         ",../info/1036/11789.htm
教学运行,关于2021-2022学年第一学期《高等数学A（上）》《高等数学B（上）》、《高等数学C（上）》、《高等数学D》课程期末考试安排的通知,"
2021-12-29
         ",../info/1036/11788.htm
教学运行,关于2021-2022学年第一学期《大学英语（一）》《大学英语（二）》、《大学英语（三）》课程期末考试安排的通知,"
2021-12-29
         ",../info/1036/11787.htm
教学运行,关于2021-2022学年第一学期《工程制图A》、《工程制图C》、《工程制图D》课程期末考试安排的通知,"
2021-12-29
         ",../info/1036/11786.htm
教学运行,关于2021-2022学年第一学期《大学英语（四）》课程期末考试安排的通知,"
2021-12-29
         ",../info/1036/11785.htm
教学运行,关于2021-2022学年第一学期《大学物理A(下）》、《大学物理B(下）》课期末考试安排的通知,"
2021-12-29
         ",../info/1036/11784.htm
教学运行,关于2021-2022学年第一学期《概率论与数理统计》课期末考试安排的通知,"
2021-12-29
         ",../info/1036/11783.htm
综合科,关于召开2021-2022学年秋季学期期末本科教学工作会议的通知,"
2021-12-28
         ",../info/1035/11782.htm
教学运行,关于2021-2022学年第二学期学生学期选课的通知,"
2021-12-20
         ",../info/1036/11767.htm
教学运行,关于2021-2022学年第一学期《线性代数》《线性代数与解析几何》课期末考试安排的通知,"
2021-12-20
         ",../info/1036/11765.htm
